transaction_id,date,customer_id,product_id,product_name,category,quantity,unit_price,region
T000001,2026-03-01,C085,P001,Wireless Mouse,Accessories,11,1499,East
T000002,2026-03-01,C191,P002,Mechanical Keyboard,Accessories,7,4499,West
T000003,2026-03-01,C250,P003,USB-C Cable,Accessories,17,499,North
T000004,2026-03-01,C004,P004,Laptop Stand,Accessories,5,1899,South
T000005,2026-03-01,C179,P005,Webcam,Electronics,6,3299,West
T000006,2026-03-01,C130,P006,Bluetooth Speaker,Electronics,9,2499,East
T000007,2026-03-01,C240,P007,Power Bank,Electronics,9,1799,Central
T000008,2026-03-01,C001,P008,Wireless Headphones,Audio,4,3999,North
T000009,2026-03-01,C077,P009,Smart Watch,Wearables,2,5999,South
T000010,2026-03-01,C108,P010,HDMI Cable,Accessories,14,899,Central
T000011,2026-03-01,C012,P011,USB Hub,Accessories,8,1299,East
T000012,2026-03-01,C090,P012,Laptop Backpack,Accessories,4,2299,North
T000013,2026-03-01,C167,P013,Phone Stand,Accessories,11,699,South
T000014,2026-03-01,C181,P014,Portable SSD,Storage,4,6499,West
T000015,2026-03-01,C101,P015,Wireless Charger,Electronics,11,1599,Central
T000016,2026-03-02,C021,P001,Wireless Mouse,Accessories,8,1499,East
T000017,2026-03-02,C278,P002,Mechanical Keyboard,Accessories,1,4499,West
T000018,2026-03-02,C167,P003,USB-C Cable,Accessories,11,499,North
T000019,2026-03-02,C137,P004,Laptop Stand,Accessories,5,1899,South
T000020,2026-03-02,C199,P005,Webcam,Electronics,7,3299,West
T000021,2026-03-02,C001,P006,Bluetooth Speaker,Electronics,7,2499,East
T000022,2026-03-02,C106,P007,Power Bank,Electronics,4,1799,Central
T000023,2026-03-02,C203,P008,Wireless Headphones,Audio,4,3999,North
T000024,2026-03-02,C201,P010,HDMI Cable,Accessories,9,899,Central
T000025,2026-03-02,C110,P011,USB Hub,Accessories,3,1299,East
T000026,2026-03-02,C063,P012,Laptop Backpack,Accessories,4,2299,North
T000027,2026-03-02,C069,P013,Phone Stand,Accessories,11,699,South
T000028,2026-03-02,C199,P014,Portable SSD,Storage,1,6499,West
T000029,2026-03-02,C299,P015,Wireless Charger,Electronics,7,1599,Central
T000030,2026-03-03,C107,P001,Wireless Mouse,Accessories,7,1499,East
T000031,2026-03-03,C030,P002,Mechanical Keyboard,Accessories,6,4499,West
T000032,2026-03-03,C085,P003,USB-C Cable,Accessories,15,499,North
T000033,2026-03-03,C157,P004,Laptop Stand,Accessories,5,1899,South
T000034,2026-03-03,C173,P005,Webcam,Electronics,3,3299,West
T000035,2026-03-03,C119,P006,Bluetooth Speaker,Electronics,7,2499,East
T000036,2026-03-03,C131,P007,Power Bank,Electronics,5,1799,Central
T000037,2026-03-03,C070,P008,Wireless Headphones,Audio,2,3999,North
T000038,2026-03-03,C071,P009,Smart Watch,Wearables,2,5999,South
T000039,2026-03-03,C266,P010,HDMI Cable,Accessories,14,899,Central
T000040,2026-03-03,C263,P011,USB Hub,Accessories,7,1299,East
T000041,2026-03-03,C127,P012,Laptop Backpack,Accessories,2,2299,North
T000042,2026-03-03,C227,P013,Phone Stand,Accessories,12,699,South
T000043,2026-03-03,C077,P014,Portable SSD,Storage,2,6499,West
T000044,2026-03-03,C039,P015,Wireless Charger,Electronics,4,1599,Central
T000045,2026-03-04,C111,P001,Wireless Mouse,Accessories,6,1499,East
T000046,2026-03-04,C055,P002,Mechanical Keyboard,Accessories,7,4499,West
T000047,2026-03-04,C222,P003,USB-C Cable,Accessories,8,499,North
T000048,2026-03-04,C249,P004,Laptop Stand,Accessories,5,1899,South
T000049,2026-03-04,C249,P005,Webcam,Electronics,6,3299,West
T000050,2026-03-04,C121,P006,Bluetooth Speaker,Electronics,11,2499,East
T000051,2026-03-04,C196,P007,Power Bank,Electronics,4,1799,Central
T000052,2026-03-04,C124,P008,Wireless Headphones,Audio,1,3999,North
T000053,2026-03-04,C094,P009,Smart Watch,Wearables,2,5999,South
T000054,2026-03-04,C155,P010,HDMI Cable,Accessories,11,899,Central
T000055,2026-03-04,C052,P011,USB Hub,Accessories,8,1299,East
T000056,2026-03-04,C158,P012,Laptop Backpack,Accessories,2,2299,North
T000057,2026-03-04,C093,P013,Phone Stand,Accessories,9,699,South
T000058,2026-03-04,C205,P014,Portable SSD,Storage,3,6499,West
T000059,2026-03-04,C165,P015,Wireless Charger,Electronics,3,1599,Central
T000060,2026-03-05,C017,P001,Wireless Mouse,Accessories,9,1499,East
T000061,2026-03-05,C108,P002,Mechanical Keyboard,Accessories,3,4499,West
T000062,2026-03-05,C172,P003,USB-C Cable,Accessories,15,499,North
T000063,2026-03-05,C017,P004,Laptop Stand,Accessories,3,1899,South
T000064,2026-03-05,C280,P005,Webcam,Electronics,2,3299,West
T000065,2026-03-05,C272,P006,Bluetooth Speaker,Electronics,3,2499,East
T000066,2026-03-05,C236,P007,Power Bank,Electronics,7,1799,Central
T000067,2026-03-05,C105,P008,Wireless Headphones,Audio,4,3999,North
T000068,2026-03-05,C289,P010,HDMI Cable,Accessories,7,899,Central
T000069,2026-03-05,C192,P011,USB Hub,Accessories,7,1299,East
T000070,2026-03-05,C002,P012,Laptop Backpack,Accessories,4,2299,North
T000071,2026-03-05,C016,P013,Phone Stand,Accessories,10,699,South
T000072,2026-03-05,C288,P015,Wireless Charger,Electronics,10,1599,Central
T000073,2026-03-06,C230,P001,Wireless Mouse,Accessories,6,1499,East
T000074,2026-03-06,C087,P002,Mechanical Keyboard,Accessories,4,4499,West
T000075,2026-03-06,C224,P003,USB-C Cable,Accessories,10,499,North
T000076,2026-03-06,C297,P004,Laptop Stand,Accessories,4,1899,South
T000077,2026-03-06,C193,P005,Webcam,Electronics,7,3299,West
T000078,2026-03-06,C281,P006,Bluetooth Speaker,Electronics,7,2499,East
T000079,2026-03-06,C047,P007,Power Bank,Electronics,7,1799,Central
T000080,2026-03-06,C057,P008,Wireless Headphones,Audio,4,3999,North
T000081,2026-03-06,C106,P009,Smart Watch,Wearables,4,5999,South
T000082,2026-03-06,C067,P010,HDMI Cable,Accessories,16,899,Central
T000083,2026-03-06,C166,P011,USB Hub,Accessories,3,1299,East
T000084,2026-03-06,C213,P012,Laptop Backpack,Accessories,2,2299,North
T000085,2026-03-06,C297,P013,Phone Stand,Accessories,10,699,South
T000086,2026-03-06,C049,P014,Portable SSD,Storage,1,6499,West
T000087,2026-03-06,C013,P015,Wireless Charger,Electronics,6,1599,Central
T000088,2026-03-07,C244,P001,Wireless Mouse,Accessories,13,1499,East
T000089,2026-03-07,C201,P002,Mechanical Keyboard,Accessories,7,4499,West
T000090,2026-03-07,C230,P003,USB-C Cable,Accessories,29,499,North
T000091,2026-03-07,C010,P004,Laptop Stand,Accessories,9,1899,South
T000092,2026-03-07,C244,P005,Webcam,Electronics,2,3299,West
T000093,2026-03-07,C279,P006,Bluetooth Speaker,Electronics,11,2499,East
T000094,2026-03-07,C277,P007,Power Bank,Electronics,8,1799,Central
T000095,2026-03-07,C139,P008,Wireless Headphones,Audio,9,3999,North
T000096,2026-03-07,C110,P009,Smart Watch,Wearables,1,5999,South
T000097,2026-03-07,C240,P010,HDMI Cable,Accessories,6,899,Central
T000098,2026-03-07,C149,P011,USB Hub,Accessories,12,1299,East
T000099,2026-03-07,C275,P012,Laptop Backpack,Accessories,6,2299,North
T000100,2026-03-07,C285,P013,Phone Stand,Accessories,10,699,South
T000101,2026-03-07,C297,P014,Portable SSD,Storage,2,6499,West
T000102,2026-03-07,C156,P015,Wireless Charger,Electronics,3,1599,Central
T000103,2026-03-08,C025,P001,Wireless Mouse,Accessories,14,1499,East
T000104,2026-03-08,C184,P002,Mechanical Keyboard,Accessories,4,4499,West
T000105,2026-03-08,C030,P003,USB-C Cable,Accessories,12,499,North
T000106,2026-03-08,C087,P004,Laptop Stand,Accessories,6,1899,South
T000107,2026-03-08,C126,P005,Webcam,Electronics,4,3299,West
T000108,2026-03-08,C260,P006,Bluetooth Speaker,Electronics,5,2499,East
T000109,2026-03-08,C063,P007,Power Bank,Electronics,12,1799,Central
T000110,2026-03-08,C176,P008,Wireless Headphones,Audio,10,3999,North
T000111,2026-03-08,C058,P009,Smart Watch,Wearables,4,5999,South
T000112,2026-03-08,C248,P010,HDMI Cable,Accessories,24,899,Central
T000113,2026-03-08,C167,P011,USB Hub,Accessories,7,1299,East
T000114,2026-03-08,C239,P012,Laptop Backpack,Accessories,6,2299,North
T000115,2026-03-08,C300,P013,Phone Stand,Accessories,9,699,South
T000116,2026-03-08,C254,P014,Portable SSD,Storage,5,6499,West
T000117,2026-03-08,C050,P015,Wireless Charger,Electronics,3,1599,Central
T000118,2026-03-09,C078,P001,Wireless Mouse,Accessories,6,1499,East
T000119,2026-03-09,C120,P002,Mechanical Keyboard,Accessories,7,4499,West
T000120,2026-03-09,C017,P003,USB-C Cable,Accessories,7,499,North
T000121,2026-03-09,C227,P005,Webcam,Electronics,4,3299,West
T000122,2026-03-09,C058,P006,Bluetooth Speaker,Electronics,6,2499,East
T000123,2026-03-09,C230,P007,Power Bank,Electronics,7,1799,Central
T000124,2026-03-09,C115,P008,Wireless Headphones,Audio,5,3999,North
T000125,2026-03-09,C243,P009,Smart Watch,Wearables,1,5999,South
T000126,2026-03-09,C026,P010,HDMI Cable,Accessories,7,899,Central
T000127,2026-03-09,C086,P011,USB Hub,Accessories,8,1299,East
T000128,2026-03-09,C129,P012,Laptop Backpack,Accessories,5,2299,North
T000129,2026-03-09,C083,P013,Phone Stand,Accessories,13,699,South
T000130,2026-03-09,C274,P014,Portable SSD,Storage,2,6499,West
T000131,2026-03-09,C086,P015,Wireless Charger,Electronics,5,1599,Central
T000132,2026-03-10,C258,P001,Wireless Mouse,Accessories,9,1499,East
T000133,2026-03-10,C157,P002,Mechanical Keyboard,Accessories,6,4499,West
T000134,2026-03-10,C216,P003,USB-C Cable,Accessories,14,499,North
T000135,2026-03-10,C296,P004,Laptop Stand,Accessories,5,1899,South
T000136,2026-03-10,C010,P005,Webcam,Electronics,2,3299,West
T000137,2026-03-10,C258,P006,Bluetooth Speaker,Electronics,6,2499,East
T000138,2026-03-10,C027,P007,Power Bank,Electronics,6,1799,Central
T000139,2026-03-10,C126,P008,Wireless Headphones,Audio,3,3999,North
T000140,2026-03-10,C048,P009,Smart Watch,Wearables,2,5999,South
T000141,2026-03-10,C290,P010,HDMI Cable,Accessories,10,899,Central
T000142,2026-03-10,C168,P011,USB Hub,Accessories,6,1299,East
T000143,2026-03-10,C144,P012,Laptop Backpack,Accessories,5,2299,North
T000144,2026-03-10,C246,P013,Phone Stand,Accessories,8,699,South
T000145,2026-03-10,C145,P014,Portable SSD,Storage,2,6499,West
T000146,2026-03-10,C003,P015,Wireless Charger,Electronics,7,1599,Central
T000147,2026-03-11,C065,P001,Wireless Mouse,Accessories,8,1499,East
T000148,2026-03-11,C009,P002,Mechanical Keyboard,Accessories,4,4499,West
T000149,2026-03-11,C236,P003,USB-C Cable,Accessories,18,499,North
T000150,2026-03-11,C045,P004,Laptop Stand,Accessories,7,1899,South
T000151,2026-03-11,C253,P005,Webcam,Electronics,1,3299,West
T000152,2026-03-11,C278,P006,Bluetooth Speaker,Electronics,6,2499,East
T000153,2026-03-11,C170,P007,Power Bank,Electronics,10,1799,Central
T000154,2026-03-11,C022,P008,Wireless Headphones,Audio,2,3999,North
T000155,2026-03-11,C247,P009,Smart Watch,Wearables,2,5999,South
T000156,2026-03-11,C107,P010,HDMI Cable,Accessories,3,899,Central
T000157,2026-03-11,C048,P011,USB Hub,Accessories,4,1299,East
T000158,2026-03-11,C018,P012,Laptop Backpack,Accessories,3,2299,North
T000159,2026-03-11,C209,P013,Phone Stand,Accessories,8,699,South
T000160,2026-03-11,C246,P015,Wireless Charger,Electronics,8,1599,Central
T000161,2026-03-12,C010,P001,Wireless Mouse,Accessories,8,1499,East
T000162,2026-03-12,C152,P002,Mechanical Keyboard,Accessories,4,4499,West
T000163,2026-03-12,C133,P003,USB-C Cable,Accessories,11,499,North
T000164,2026-03-12,C149,P004,Laptop Stand,Accessories,8,1899,South
T000165,2026-03-12,C144,P005,Webcam,Electronics,4,3299,West
T000166,2026-03-12,C266,P006,Bluetooth Speaker,Electronics,8,2499,East
T000167,2026-03-12,C227,P007,Power Bank,Electronics,5,1799,Central
T000168,2026-03-12,C177,P008,Wireless Headphones,Audio,1,3999,North
T000169,2026-03-12,C043,P009,Smart Watch,Wearables,1,5999,South
T000170,2026-03-12,C014,P010,HDMI Cable,Accessories,5,899,Central
T000171,2026-03-12,C165,P011,USB Hub,Accessories,9,1299,East
T000172,2026-03-12,C088,P012,Laptop Backpack,Accessories,4,2299,North
T000173,2026-03-12,C187,P013,Phone Stand,Accessories,8,699,South
T000174,2026-03-12,C042,P014,Portable SSD,Storage,2,6499,West
T000175,2026-03-12,C188,P015,Wireless Charger,Electronics,3,1599,Central
T000176,2026-03-13,C291,P001,Wireless Mouse,Accessories,5,1499,East
T000177,2026-03-13,C212,P002,Mechanical Keyboard,Accessories,5,4499,West
T000178,2026-03-13,C082,P003,USB-C Cable,Accessories,8,499,North
T000179,2026-03-13,C073,P004,Laptop Stand,Accessories,5,1899,South
T000180,2026-03-13,C151,P005,Webcam,Electronics,3,3299,West
T000181,2026-03-13,C170,P006,Bluetooth Speaker,Electronics,6,2499,East
T000182,2026-03-13,C155,P007,Power Bank,Electronics,9,1799,Central
T000183,2026-03-13,C145,P008,Wireless Headphones,Audio,3,3999,North
T000184,2026-03-13,C057,P009,Smart Watch,Wearables,2,5999,South
T000185,2026-03-13,C034,P010,HDMI Cable,Accessories,11,899,Central
T000186,2026-03-13,C122,P011,USB Hub,Accessories,4,1299,East
T000187,2026-03-13,C218,P012,Laptop Backpack,Accessories,4,2299,North
T000188,2026-03-13,C014,P013,Phone Stand,Accessories,12,699,South
T000189,2026-03-13,C122,P014,Portable SSD,Storage,1,6499,West
T000190,2026-03-13,C182,P015,Wireless Charger,Electronics,12,1599,Central
T000191,2026-03-14,C266,P001,Wireless Mouse,Accessories,14,1499,East
T000192,2026-03-14,C218,P002,Mechanical Keyboard,Accessories,10,4499,West
T000193,2026-03-14,C176,P003,USB-C Cable,Accessories,19,499,North
T000194,2026-03-14,C153,P004,Laptop Stand,Accessories,1,1899,South
T000195,2026-03-14,C181,P005,Webcam,Electronics,2,3299,West
T000196,2026-03-14,C135,P006,Bluetooth Speaker,Electronics,6,2499,East
T000197,2026-03-14,C010,P007,Power Bank,Electronics,5,1799,Central
T000198,2026-03-14,C115,P008,Wireless Headphones,Audio,8,3999,North
T000199,2026-03-14,C263,P009,Smart Watch,Wearables,2,5999,South
T000200,2026-03-14,C288,P010,HDMI Cable,Accessories,14,899,Central
T000201,2026-03-14,C143,P011,USB Hub,Accessories,6,1299,East
T000202,2026-03-14,C124,P012,Laptop Backpack,Accessories,9,2299,North
T000203,2026-03-14,C017,P013,Phone Stand,Accessories,11,699,South
T000204,2026-03-14,C085,P014,Portable SSD,Storage,4,6499,West
T000205,2026-03-14,C004,P015,Wireless Charger,Electronics,7,1599,Central
T000206,2026-03-15,C085,P001,Wireless Mouse,Accessories,7,1499,East
T000207,2026-03-15,C082,P002,Mechanical Keyboard,Accessories,4,4499,West
T000208,2026-03-15,C142,P003,USB-C Cable,Accessories,19,499,North
T000209,2026-03-15,C233,P004,Laptop Stand,Accessories,2,1899,South
T000210,2026-03-15,C021,P005,Webcam,Electronics,2,3299,West
T000211,2026-03-15,C008,P006,Bluetooth Speaker,Electronics,9,2499,East
T000212,2026-03-15,C210,P007,Power Bank,Electronics,4,1799,Central
T000213,2026-03-15,C264,P008,Wireless Headphones,Audio,4,3999,North
T000214,2026-03-15,C218,P009,Smart Watch,Wearables,2,5999,South
T000215,2026-03-15,C234,P010,HDMI Cable,Accessories,18,899,Central
T000216,2026-03-15,C177,P011,USB Hub,Accessories,8,1299,East
T000217,2026-03-15,C274,P012,Laptop Backpack,Accessories,1,2299,North
T000218,2026-03-15,C255,P013,Phone Stand,Accessories,7,699,South
T000219,2026-03-15,C184,P014,Portable SSD,Storage,1,6499,West
T000220,2026-03-15,C288,P015,Wireless Charger,Electronics,8,1599,Central
T000221,2026-03-16,C175,P001,Wireless Mouse,Accessories,8,1499,East
T000222,2026-03-16,C240,P002,Mechanical Keyboard,Accessories,2,4499,West
T000223,2026-03-16,C033,P003,USB-C Cable,Accessories,19,499,North
T000224,2026-03-16,C063,P004,Laptop Stand,Accessories,3,1899,South
T000225,2026-03-16,C141,P005,Webcam,Electronics,1,3299,West
T000226,2026-03-16,C017,P006,Bluetooth Speaker,Electronics,12,2499,East
T000227,2026-03-16,C084,P007,Power Bank,Electronics,4,1799,Central
T000228,2026-03-16,C094,P008,Wireless Headphones,Audio,3,3999,North
T000229,2026-03-16,C121,P009,Smart Watch,Wearables,3,5999,South
T000230,2026-03-16,C069,P010,HDMI Cable,Accessories,6,899,Central
T000231,2026-03-16,C059,P011,USB Hub,Accessories,3,1299,East
T000232,2026-03-16,C191,P012,Laptop Backpack,Accessories,2,2299,North
T000233,2026-03-16,C296,P013,Phone Stand,Accessories,4,699,South
T000234,2026-03-16,C226,P014,Portable SSD,Storage,2,6499,West
T000235,2026-03-16,C229,P015,Wireless Charger,Electronics,4,1599,Central
T000236,2026-03-17,C089,P001,Wireless Mouse,Accessories,10,1499,East
T000237,2026-03-17,C095,P002,Mechanical Keyboard,Accessories,6,4499,West
T000238,2026-03-17,C095,P003,USB-C Cable,Accessories,14,499,North
T000239,2026-03-17,C246,P004,Laptop Stand,Accessories,3,1899,South
T000240,2026-03-17,C220,P005,Webcam,Electronics,2,3299,West
T000241,2026-03-17,C075,P006,Bluetooth Speaker,Electronics,13,2499,East
T000242,2026-03-17,C097,P007,Power Bank,Electronics,7,1799,Central
T000243,2026-03-17,C090,P008,Wireless Headphones,Audio,2,3999,North
T000244,2026-03-17,C092,P009,Smart Watch,Wearables,2,5999,South
T000245,2026-03-17,C149,P010,HDMI Cable,Accessories,5,899,Central
T000246,2026-03-17,C235,P011,USB Hub,Accessories,8,1299,East
T000247,2026-03-17,C077,P012,Laptop Backpack,Accessories,3,2299,North
T000248,2026-03-17,C075,P013,Phone Stand,Accessories,7,699,South
T000249,2026-03-17,C138,P014,Portable SSD,Storage,2,6499,West
T000250,2026-03-17,C187,P015,Wireless Charger,Electronics,6,1599,Central
T000251,2026-03-18,C184,P001,Wireless Mouse,Accessories,9,1499,East
T000252,2026-03-18,C059,P002,Mechanical Keyboard,Accessories,3,4499,West
T000253,2026-03-18,C188,P003,USB-C Cable,Accessories,17,499,North
T000254,2026-03-18,C279,P004,Laptop Stand,Accessories,1,1899,South
T000255,2026-03-18,C080,P005,Webcam,Electronics,3,3299,West
T000256,2026-03-18,C013,P006,Bluetooth Speaker,Electronics,7,2499,East
T000257,2026-03-18,C106,P007,Power Bank,Electronics,6,1799,Central
T000258,2026-03-18,C033,P008,Wireless Headphones,Audio,4,3999,North
T000259,2026-03-18,C251,P009,Smart Watch,Wearables,2,5999,South
T000260,2026-03-18,C116,P010,HDMI Cable,Accessories,9,899,Central
T000261,2026-03-18,C282,P011,USB Hub,Accessories,10,1299,East
T000262,2026-03-18,C027,P012,Laptop Backpack,Accessories,7,2299,North
T000263,2026-03-18,C018,P013,Phone Stand,Accessories,7,699,South
T000264,2026-03-18,C001,P014,Portable SSD,Storage,2,6499,West
T000265,2026-03-18,C207,P015,Wireless Charger,Electronics,4,1599,Central
T000266,2026-03-19,C186,P001,Wireless Mouse,Accessories,6,1499,East
T000267,2026-03-19,C183,P002,Mechanical Keyboard,Accessories,1,4499,West
T000268,2026-03-19,C169,P003,USB-C Cable,Accessories,17,499,North
T000269,2026-03-19,C236,P004,Laptop Stand,Accessories,3,1899,South
T000270,2026-03-19,C256,P005,Webcam,Electronics,7,3299,West
T000271,2026-03-19,C111,P006,Bluetooth Speaker,Electronics,7,2499,East
T000272,2026-03-19,C282,P007,Power Bank,Electronics,8,1799,Central
T000273,2026-03-19,C256,P008,Wireless Headphones,Audio,4,3999,North
T000274,2026-03-19,C177,P009,Smart Watch,Wearables,2,5999,South
T000275,2026-03-19,C061,P010,HDMI Cable,Accessories,5,899,Central
T000276,2026-03-19,C145,P011,USB Hub,Accessories,7,1299,East
T000277,2026-03-19,C077,P012,Laptop Backpack,Accessories,3,2299,North
T000278,2026-03-19,C211,P013,Phone Stand,Accessories,7,699,South
T000279,2026-03-19,C084,P014,Portable SSD,Storage,2,6499,West
T000280,2026-03-19,C078,P015,Wireless Charger,Electronics,7,1599,Central
T000281,2026-03-20,C030,P001,Wireless Mouse,Accessories,6,1499,East
T000282,2026-03-20,C077,P002,Mechanical Keyboard,Accessories,4,4499,West
T000283,2026-03-20,C239,P003,USB-C Cable,Accessories,15,499,North
T000284,2026-03-20,C042,P004,Laptop Stand,Accessories,3,1899,South
T000285,2026-03-20,C132,P005,Webcam,Electronics,4,3299,West
T000286,2026-03-20,C236,P006,Bluetooth Speaker,Electronics,9,2499,East
T000287,2026-03-20,C129,P007,Power Bank,Electronics,4,1799,Central
T000288,2026-03-20,C116,P009,Smart Watch,Wearables,2,5999,South
T000289,2026-03-20,C209,P010,HDMI Cable,Accessories,7,899,Central
T000290,2026-03-20,C064,P011,USB Hub,Accessories,6,1299,East
T000291,2026-03-20,C017,P012,Laptop Backpack,Accessories,4,2299,North
T000292,2026-03-20,C099,P013,Phone Stand,Accessories,9,699,South
T000293,2026-03-20,C125,P014,Portable SSD,Storage,1,6499,West
T000294,2026-03-20,C197,P015,Wireless Charger,Electronics,6,1599,Central
T000295,2026-03-21,C188,P001,Wireless Mouse,Accessories,8,1499,East
T000296,2026-03-21,C076,P002,Mechanical Keyboard,Accessories,5,4499,West
T000297,2026-03-21,C016,P003,USB-C Cable,Accessories,23,499,North
T000298,2026-03-21,C053,P004,Laptop Stand,Accessories,7,1899,South
T000299,2026-03-21,C084,P005,Webcam,Electronics,1,3299,West
T000300,2026-03-21,C207,P006,Bluetooth Speaker,Electronics,7,2499,East
T000301,2026-03-21,C228,P007,Power Bank,Electronics,13,1799,Central
T000302,2026-03-21,C088,P008,Wireless Headphones,Audio,7,3999,North
T000303,2026-03-21,C202,P009,Smart Watch,Wearables,2,5999,South
T000304,2026-03-21,C006,P010,HDMI Cable,Accessories,14,899,Central
T000305,2026-03-21,C283,P011,USB Hub,Accessories,8,1299,East
T000306,2026-03-21,C186,P012,Laptop Backpack,Accessories,3,2299,North
T000307,2026-03-21,C124,P013,Phone Stand,Accessories,10,699,South
T000308,2026-03-21,C206,P014,Portable SSD,Storage,3,6499,West
T000309,2026-03-21,C144,P015,Wireless Charger,Electronics,6,1599,Central
T000310,2026-03-22,C158,P001,Wireless Mouse,Accessories,11,1499,East
T000311,2026-03-22,C226,P002,Mechanical Keyboard,Accessories,1,4499,West
T000312,2026-03-22,C046,P003,USB-C Cable,Accessories,23,499,North
T000313,2026-03-22,C027,P004,Laptop Stand,Accessories,5,1899,South
T000314,2026-03-22,C045,P006,Bluetooth Speaker,Electronics,10,2499,East
T000315,2026-03-22,C231,P007,Power Bank,Electronics,5,1799,Central
T000316,2026-03-22,C164,P008,Wireless Headphones,Audio,2,3999,North
T000317,2026-03-22,C144,P009,Smart Watch,Wearables,5,5999,South
T000318,2026-03-22,C177,P010,HDMI Cable,Accessories,15,899,Central
T000319,2026-03-22,C070,P011,USB Hub,Accessories,6,1299,East
T000320,2026-03-22,C104,P012,Laptop Backpack,Accessories,4,2299,North
T000321,2026-03-22,C294,P013,Phone Stand,Accessories,12,699,South
T000322,2026-03-22,C052,P014,Portable SSD,Storage,6,6499,West
T000323,2026-03-22,C005,P015,Wireless Charger,Electronics,5,1599,Central
T000324,2026-03-23,C195,P001,Wireless Mouse,Accessories,8,1499,East
T000325,2026-03-23,C020,P002,Mechanical Keyboard,Accessories,5,4499,West
T000326,2026-03-23,C247,P003,USB-C Cable,Accessories,14,499,North
T000327,2026-03-23,C124,P004,Laptop Stand,Accessories,4,1899,South
T000328,2026-03-23,C026,P005,Webcam,Electronics,1,3299,West
T000329,2026-03-23,C218,P006,Bluetooth Speaker,Electronics,5,2499,East
T000330,2026-03-23,C222,P007,Power Bank,Electronics,5,1799,Central
T000331,2026-03-23,C145,P008,Wireless Headphones,Audio,3,3999,North
T000332,2026-03-23,C280,P009,Smart Watch,Wearables,3,5999,South
T000333,2026-03-23,C257,P010,HDMI Cable,Accessories,8,899,Central
T000334,2026-03-23,C184,P011,USB Hub,Accessories,5,1299,East
T000335,2026-03-23,C218,P012,Laptop Backpack,Accessories,4,2299,North
T000336,2026-03-23,C043,P013,Phone Stand,Accessories,6,699,South
T000337,2026-03-23,C008,P015,Wireless Charger,Electronics,7,1599,Central
T000338,2026-03-24,C174,P001,Wireless Mouse,Accessories,4,1499,East
T000339,2026-03-24,C299,P002,Mechanical Keyboard,Accessories,1,4499,West
T000340,2026-03-24,C030,P003,USB-C Cable,Accessories,12,499,North
T000341,2026-03-24,C181,P004,Laptop Stand,Accessories,4,1899,South
T000342,2026-03-24,C222,P005,Webcam,Electronics,2,3299,West
T000343,2026-03-24,C175,P006,Bluetooth Speaker,Electronics,3,2499,East
T000344,2026-03-24,C044,P007,Power Bank,Electronics,5,1799,Central
T000345,2026-03-24,C103,P008,Wireless Headphones,Audio,5,3999,North
T000346,2026-03-24,C033,P009,Smart Watch,Wearables,6,5999,South
T000347,2026-03-24,C240,P010,HDMI Cable,Accessories,13,899,Central
T000348,2026-03-24,C112,P011,USB Hub,Accessories,3,1299,East
T000349,2026-03-24,C144,P012,Laptop Backpack,Accessories,5,2299,North
T000350,2026-03-24,C194,P013,Phone Stand,Accessories,11,699,South
T000351,2026-03-24,C271,P014,Portable SSD,Storage,2,6499,West
T000352,2026-03-24,C040,P015,Wireless Charger,Electronics,3,1599,Central
T000353,2026-03-25,C048,P001,Wireless Mouse,Accessories,10,1499,East
T000354,2026-03-25,C143,P002,Mechanical Keyboard,Accessories,3,4499,West
T000355,2026-03-25,C299,P003,USB-C Cable,Accessories,13,499,North
T000356,2026-03-25,C003,P004,Laptop Stand,Accessories,2,1899,South
T000357,2026-03-25,C300,P006,Bluetooth Speaker,Electronics,8,2499,East
T000358,2026-03-25,C230,P007,Power Bank,Electronics,5,1799,Central
T000359,2026-03-25,C074,P008,Wireless Headphones,Audio,4,3999,North
T000360,2026-03-25,C258,P009,Smart Watch,Wearables,2,5999,South
T000361,2026-03-25,C254,P010,HDMI Cable,Accessories,16,899,Central
T000362,2026-03-25,C211,P011,USB Hub,Accessories,7,1299,East
T000363,2026-03-25,C280,P012,Laptop Backpack,Accessories,8,2299,North
T000364,2026-03-25,C158,P013,Phone Stand,Accessories,8,699,South
T000365,2026-03-25,C009,P014,Portable SSD,Storage,2,6499,West
T000366,2026-03-25,C211,P015,Wireless Charger,Electronics,5,1599,Central
T000367,2026-03-26,C077,P001,Wireless Mouse,Accessories,7,1499,East
T000368,2026-03-26,C060,P002,Mechanical Keyboard,Accessories,6,4499,West
T000369,2026-03-26,C176,P003,USB-C Cable,Accessories,14,499,North
T000370,2026-03-26,C230,P004,Laptop Stand,Accessories,5,1899,South
T000371,2026-03-26,C203,P005,Webcam,Electronics,2,3299,West
T000372,2026-03-26,C207,P006,Bluetooth Speaker,Electronics,4,2499,East
T000373,2026-03-26,C236,P007,Power Bank,Electronics,5,1799,Central
T000374,2026-03-26,C111,P008,Wireless Headphones,Audio,8,3999,North
T000375,2026-03-26,C261,P009,Smart Watch,Wearables,2,5999,South
T000376,2026-03-26,C069,P010,HDMI Cable,Accessories,3,899,Central
T000377,2026-03-26,C244,P011,USB Hub,Accessories,9,1299,East
T000378,2026-03-26,C097,P012,Laptop Backpack,Accessories,2,2299,North
T000379,2026-03-26,C044,P013,Phone Stand,Accessories,9,699,South
T000380,2026-03-26,C034,P014,Portable SSD,Storage,1,6499,West
T000381,2026-03-26,C030,P015,Wireless Charger,Electronics,5,1599,Central
T000382,2026-03-27,C173,P001,Wireless Mouse,Accessories,5,1499,East
T000383,2026-03-27,C269,P002,Mechanical Keyboard,Accessories,4,4499,West
T000384,2026-03-27,C184,P003,USB-C Cable,Accessories,12,499,North
T000385,2026-03-27,C082,P004,Laptop Stand,Accessories,8,1899,South
T000386,2026-03-27,C120,P005,Webcam,Electronics,1,3299,West
T000387,2026-03-27,C240,P006,Bluetooth Speaker,Electronics,5,2499,East
T000388,2026-03-27,C004,P007,Power Bank,Electronics,8,1799,Central
T000389,2026-03-27,C247,P008,Wireless Headphones,Audio,5,3999,North
T000390,2026-03-27,C064,P010,HDMI Cable,Accessories,7,899,Central
T000391,2026-03-27,C263,P011,USB Hub,Accessories,7,1299,East
T000392,2026-03-27,C016,P012,Laptop Backpack,Accessories,5,2299,North
T000393,2026-03-27,C273,P013,Phone Stand,Accessories,10,699,South
T000394,2026-03-27,C131,P014,Portable SSD,Storage,2,6499,West
T000395,2026-03-27,C067,P015,Wireless Charger,Electronics,2,1599,Central
T000396,2026-03-28,C033,P001,Wireless Mouse,Accessories,9,1499,East
T000397,2026-03-28,C132,P002,Mechanical Keyboard,Accessories,7,4499,West
T000398,2026-03-28,C084,P003,USB-C Cable,Accessories,16,499,North
T000399,2026-03-28,C041,P004,Laptop Stand,Accessories,6,1899,South
T000400,2026-03-28,C168,P005,Webcam,Electronics,2,3299,West
T000401,2026-03-28,C004,P006,Bluetooth Speaker,Electronics,12,2499,East
T000402,2026-03-28,C084,P007,Power Bank,Electronics,4,1799,Central
T000403,2026-03-28,C099,P008,Wireless Headphones,Audio,6,3999,North
T000404,2026-03-28,C096,P009,Smart Watch,Wearables,2,5999,South
T000405,2026-03-28,C232,P010,HDMI Cable,Accessories,8,899,Central
T000406,2026-03-28,C006,P011,USB Hub,Accessories,9,1299,East
T000407,2026-03-28,C262,P012,Laptop Backpack,Accessories,6,2299,North
T000408,2026-03-28,C297,P013,Phone Stand,Accessories,7,699,South
T000409,2026-03-28,C004,P014,Portable SSD,Storage,1,6499,West
T000410,2026-03-28,C114,P015,Wireless Charger,Electronics,8,1599,Central
T000411,2026-03-29,C179,P001,Wireless Mouse,Accessories,3,1499,East
T000412,2026-03-29,C041,P002,Mechanical Keyboard,Accessories,7,4499,West
T000413,2026-03-29,C094,P003,USB-C Cable,Accessories,13,499,North
T000414,2026-03-29,C047,P004,Laptop Stand,Accessories,3,1899,South
T000415,2026-03-29,C288,P005,Webcam,Electronics,1,3299,West
T000416,2026-03-29,C029,P006,Bluetooth Speaker,Electronics,10,2499,East
T000417,2026-03-29,C179,P007,Power Bank,Electronics,4,1799,Central
T000418,2026-03-29,C105,P008,Wireless Headphones,Audio,3,3999,North
T000419,2026-03-29,C070,P009,Smart Watch,Wearables,4,5999,South
T000420,2026-03-29,C150,P010,HDMI Cable,Accessories,17,899,Central
T000421,2026-03-29,C086,P011,USB Hub,Accessories,5,1299,East
T000422,2026-03-29,C188,P012,Laptop Backpack,Accessories,5,2299,North
T000423,2026-03-29,C123,P013,Phone Stand,Accessories,8,699,South
T000424,2026-03-29,C290,P014,Portable SSD,Storage,2,6499,West
T000425,2026-03-29,C106,P015,Wireless Charger,Electronics,7,1599,Central
T000426,2026-03-30,C099,P001,Wireless Mouse,Accessories,5,1499,East
T000427,2026-03-30,C096,P002,Mechanical Keyboard,Accessories,5,4499,West
T000428,2026-03-30,C258,P003,USB-C Cable,Accessories,8,499,North
T000429,2026-03-30,C152,P004,Laptop Stand,Accessories,4,1899,South
T000430,2026-03-30,C162,P005,Webcam,Electronics,6,3299,West
T000431,2026-03-30,C291,P006,Bluetooth Speaker,Electronics,8,2499,East
T000432,2026-03-30,C185,P007,Power Bank,Electronics,6,1799,Central
T000433,2026-03-30,C035,P008,Wireless Headphones,Audio,6,3999,North
T000434,2026-03-30,C087,P009,Smart Watch,Wearables,1,5999,South
T000435,2026-03-30,C041,P010,HDMI Cable,Accessories,6,899,Central
T000436,2026-03-30,C134,P011,USB Hub,Accessories,5,1299,East
T000437,2026-03-30,C147,P012,Laptop Backpack,Accessories,1,2299,North
T000438,2026-03-30,C116,P013,Phone Stand,Accessories,8,699,South
T000439,2026-03-30,C251,P014,Portable SSD,Storage,2,6499,West
T000440,2026-03-30,C177,P015,Wireless Charger,Electronics,7,1599,Central
T000441,2026-03-31,C016,P001,Wireless Mouse,Accessories,7,1499,East
T000442,2026-03-31,C300,P002,Mechanical Keyboard,Accessories,4,4499,West
T000443,2026-03-31,C218,P003,USB-C Cable,Accessories,17,499,North
T000444,2026-03-31,C047,P004,Laptop Stand,Accessories,4,1899,South
T000445,2026-03-31,C266,P005,Webcam,Electronics,5,3299,West
T000446,2026-03-31,C215,P006,Bluetooth Speaker,Electronics,6,2499,East
T000447,2026-03-31,C123,P007,Power Bank,Electronics,7,1799,Central
T000448,2026-03-31,C069,P008,Wireless Headphones,Audio,6,3999,North
T000449,2026-03-31,C218,P009,Smart Watch,Wearables,1,5999,South
T000450,2026-03-31,C207,P010,HDMI Cable,Accessories,12,899,Central
T000451,2026-03-31,C294,P011,USB Hub,Accessories,9,1299,East
T000452,2026-03-31,C141,P012,Laptop Backpack,Accessories,5,2299,North
T000453,2026-03-31,C103,P013,Phone Stand,Accessories,7,699,South
T000454,2026-03-31,C090,P014,Portable SSD,Storage,1,6499,West
T000455,2026-03-31,C095,P015,Wireless Charger,Electronics,6,1599,Central
T000456,2026-04-01,C248,P001,Wireless Mouse,Accessories,7,1499,East
T000457,2026-04-01,C300,P002,Mechanical Keyboard,Accessories,4,4499,West
T000458,2026-04-01,C121,P003,USB-C Cable,Accessories,15,499,North
T000459,2026-04-01,C125,P004,Laptop Stand,Accessories,6,1899,South
T000460,2026-04-01,C298,P005,Webcam,Electronics,2,3299,West
T000461,2026-04-01,C214,P006,Bluetooth Speaker,Electronics,10,2499,East
T000462,2026-04-01,C233,P007,Power Bank,Electronics,8,1799,Central
T000463,2026-04-01,C278,P008,Wireless Headphones,Audio,2,3999,North
T000464,2026-04-01,C283,P009,Smart Watch,Wearables,3,5999,South
T000465,2026-04-01,C035,P010,HDMI Cable,Accessories,13,899,Central
T000466,2026-04-01,C036,P011,USB Hub,Accessories,2,1299,East
T000467,2026-04-01,C111,P012,Laptop Backpack,Accessories,3,2299,North
T000468,2026-04-01,C109,P013,Phone Stand,Accessories,6,699,South
T000469,2026-04-01,C081,P014,Portable SSD,Storage,2,6499,West
T000470,2026-04-01,C181,P015,Wireless Charger,Electronics,6,1599,Central
T000471,2026-04-02,C129,P001,Wireless Mouse,Accessories,8,1499,East
T000472,2026-04-02,C093,P002,Mechanical Keyboard,Accessories,9,4499,West
T000473,2026-04-02,C282,P003,USB-C Cable,Accessories,12,499,North
T000474,2026-04-02,C231,P004,Laptop Stand,Accessories,3,1899,South
T000475,2026-04-02,C243,P005,Webcam,Electronics,4,3299,West
T000476,2026-04-02,C080,P006,Bluetooth Speaker,Electronics,3,2499,East
T000477,2026-04-02,C160,P007,Power Bank,Electronics,4,1799,Central
T000478,2026-04-02,C117,P008,Wireless Headphones,Audio,6,3999,North
T000479,2026-04-02,C206,P009,Smart Watch,Wearables,4,5999,South
T000480,2026-04-02,C191,P010,HDMI Cable,Accessories,12,899,Central
T000481,2026-04-02,C293,P011,USB Hub,Accessories,8,1299,East
T000482,2026-04-02,C067,P012,Laptop Backpack,Accessories,3,2299,North
T000483,2026-04-02,C012,P013,Phone Stand,Accessories,10,699,South
T000484,2026-04-02,C238,P014,Portable SSD,Storage,3,6499,West
T000485,2026-04-02,C031,P015,Wireless Charger,Electronics,6,1599,Central
T000486,2026-04-03,C260,P001,Wireless Mouse,Accessories,6,1499,East
T000487,2026-04-03,C225,P002,Mechanical Keyboard,Accessories,2,4499,West
T000488,2026-04-03,C055,P003,USB-C Cable,Accessories,17,499,North
T000489,2026-04-03,C196,P004,Laptop Stand,Accessories,6,1899,South
T000490,2026-04-03,C092,P005,Webcam,Electronics,4,3299,West
T000491,2026-04-03,C297,P006,Bluetooth Speaker,Electronics,7,2499,East
T000492,2026-04-03,C095,P007,Power Bank,Electronics,2,1799,Central
T000493,2026-04-03,C216,P008,Wireless Headphones,Audio,3,3999,North
T000494,2026-04-03,C070,P009,Smart Watch,Wearables,1,5999,South
T000495,2026-04-03,C015,P010,HDMI Cable,Accessories,9,899,Central
T000496,2026-04-03,C184,P011,USB Hub,Accessories,3,1299,East
T000497,2026-04-03,C278,P012,Laptop Backpack,Accessories,6,2299,North
T000498,2026-04-03,C009,P013,Phone Stand,Accessories,7,699,South
T000499,2026-04-03,C060,P014,Portable SSD,Storage,5,6499,West
T000500,2026-04-03,C225,P015,Wireless Charger,Electronics,6,1599,Central
T000501,2026-04-04,C010,P001,Wireless Mouse,Accessories,8,1499,East
T000502,2026-04-04,C131,P002,Mechanical Keyboard,Accessories,6,4499,West
T000503,2026-04-04,C036,P003,USB-C Cable,Accessories,17,499,North
T000504,2026-04-04,C248,P004,Laptop Stand,Accessories,7,1899,South
T000505,2026-04-04,C199,P005,Webcam,Electronics,3,3299,West
T000506,2026-04-04,C019,P006,Bluetooth Speaker,Electronics,6,2499,East
T000507,2026-04-04,C225,P007,Power Bank,Electronics,7,1799,Central
T000508,2026-04-04,C218,P008,Wireless Headphones,Audio,8,3999,North
T000509,2026-04-04,C213,P009,Smart Watch,Wearables,4,5999,South
T000510,2026-04-04,C175,P010,HDMI Cable,Accessories,11,899,Central
T000511,2026-04-04,C074,P011,USB Hub,Accessories,9,1299,East
T000512,2026-04-04,C120,P012,Laptop Backpack,Accessories,3,2299,North
T000513,2026-04-04,C226,P013,Phone Stand,Accessories,10,699,South
T000514,2026-04-04,C095,P014,Portable SSD,Storage,2,6499,West
T000515,2026-04-04,C212,P015,Wireless Charger,Electronics,8,1599,Central
T000516,2026-04-05,C250,P001,Wireless Mouse,Accessories,13,1499,East
T000517,2026-04-05,C209,P002,Mechanical Keyboard,Accessories,6,4499,West
T000518,2026-04-05,C085,P003,USB-C Cable,Accessories,11,499,North
T000519,2026-04-05,C065,P004,Laptop Stand,Accessories,9,1899,South
T000520,2026-04-05,C152,P005,Webcam,Electronics,1,3299,West
T000521,2026-04-05,C101,P006,Bluetooth Speaker,Electronics,4,2499,East
T000522,2026-04-05,C126,P007,Power Bank,Electronics,6,1799,Central
T000523,2026-04-05,C230,P008,Wireless Headphones,Audio,1,3999,North
T000524,2026-04-05,C206,P009,Smart Watch,Wearables,4,5999,South
T000525,2026-04-05,C294,P010,HDMI Cable,Accessories,16,899,Central
T000526,2026-04-05,C018,P011,USB Hub,Accessories,3,1299,East
T000527,2026-04-05,C029,P012,Laptop Backpack,Accessories,4,2299,North
T000528,2026-04-05,C239,P013,Phone Stand,Accessories,7,699,South
T000529,2026-04-05,C168,P014,Portable SSD,Storage,3,6499,West
T000530,2026-04-05,C284,P015,Wireless Charger,Electronics,9,1599,Central
T000531,2026-04-06,C266,P001,Wireless Mouse,Accessories,8,1499,East
T000532,2026-04-06,C172,P002,Mechanical Keyboard,Accessories,9,4499,West
T000533,2026-04-06,C159,P003,USB-C Cable,Accessories,10,499,North
T000534,2026-04-06,C062,P004,Laptop Stand,Accessories,5,1899,South
T000535,2026-04-06,C210,P005,Webcam,Electronics,5,3299,West
T000536,2026-04-06,C137,P006,Bluetooth Speaker,Electronics,10,2499,East
T000537,2026-04-06,C084,P007,Power Bank,Electronics,4,1799,Central
T000538,2026-04-06,C180,P008,Wireless Headphones,Audio,2,3999,North
T000539,2026-04-06,C107,P009,Smart Watch,Wearables,6,5999,South
T000540,2026-04-06,C233,P010,HDMI Cable,Accessories,9,899,Central
T000541,2026-04-06,C106,P011,USB Hub,Accessories,7,1299,East
T000542,2026-04-06,C144,P012,Laptop Backpack,Accessories,4,2299,North
T000543,2026-04-06,C004,P013,Phone Stand,Accessories,11,699,South
T000544,2026-04-06,C157,P014,Portable SSD,Storage,3,6499,West
T000545,2026-04-06,C239,P015,Wireless Charger,Electronics,8,1599,Central
T000546,2026-04-07,C079,P001,Wireless Mouse,Accessories,7,1499,East
T000547,2026-04-07,C022,P002,Mechanical Keyboard,Accessories,4,4499,West
T000548,2026-04-07,C277,P003,USB-C Cable,Accessories,10,499,North
T000549,2026-04-07,C188,P004,Laptop Stand,Accessories,3,1899,South
T000550,2026-04-07,C169,P005,Webcam,Electronics,5,3299,West
T000551,2026-04-07,C242,P006,Bluetooth Speaker,Electronics,7,2499,East
T000552,2026-04-07,C003,P007,Power Bank,Electronics,5,1799,Central
T000553,2026-04-07,C120,P008,Wireless Headphones,Audio,4,3999,North
T000554,2026-04-07,C016,P009,Smart Watch,Wearables,4,5999,South
T000555,2026-04-07,C185,P010,HDMI Cable,Accessories,10,899,Central
T000556,2026-04-07,C150,P011,USB Hub,Accessories,5,1299,East
T000557,2026-04-07,C201,P012,Laptop Backpack,Accessories,4,2299,North
T000558,2026-04-07,C217,P013,Phone Stand,Accessories,12,699,South
T000559,2026-04-07,C263,P014,Portable SSD,Storage,1,6499,West
T000560,2026-04-07,C037,P015,Wireless Charger,Electronics,12,1599,Central
T000561,2026-04-08,C231,P001,Wireless Mouse,Accessories,10,1499,East
T000562,2026-04-08,C158,P002,Mechanical Keyboard,Accessories,8,4499,West
T000563,2026-04-08,C274,P003,USB-C Cable,Accessories,18,499,North
T000564,2026-04-08,C088,P004,Laptop Stand,Accessories,6,1899,South
T000565,2026-04-08,C202,P005,Webcam,Electronics,6,3299,West
T000566,2026-04-08,C164,P006,Bluetooth Speaker,Electronics,10,2499,East
T000567,2026-04-08,C218,P007,Power Bank,Electronics,3,1799,Central
T000568,2026-04-08,C290,P008,Wireless Headphones,Audio,4,3999,North
T000569,2026-04-08,C126,P009,Smart Watch,Wearables,3,5999,South
T000570,2026-04-08,C256,P010,HDMI Cable,Accessories,11,899,Central
T000571,2026-04-08,C040,P011,USB Hub,Accessories,5,1299,East
T000572,2026-04-08,C185,P012,Laptop Backpack,Accessories,3,2299,North
T000573,2026-04-08,C048,P013,Phone Stand,Accessories,7,699,South
T000574,2026-04-08,C239,P014,Portable SSD,Storage,2,6499,West
T000575,2026-04-08,C254,P015,Wireless Charger,Electronics,8,1599,Central
T000576,2026-04-09,C259,P001,Wireless Mouse,Accessories,4,1499,East
T000577,2026-04-09,C177,P002,Mechanical Keyboard,Accessories,3,4499,West
T000578,2026-04-09,C176,P003,USB-C Cable,Accessories,16,499,North
T000579,2026-04-09,C297,P004,Laptop Stand,Accessories,5,1899,South
T000580,2026-04-09,C195,P005,Webcam,Electronics,2,3299,West
T000581,2026-04-09,C253,P006,Bluetooth Speaker,Electronics,3,2499,East
T000582,2026-04-09,C216,P007,Power Bank,Electronics,6,1799,Central
T000583,2026-04-09,C262,P008,Wireless Headphones,Audio,5,3999,North
T000584,2026-04-09,C200,P009,Smart Watch,Wearables,5,5999,South
T000585,2026-04-09,C120,P010,HDMI Cable,Accessories,9,899,Central
T000586,2026-04-09,C192,P011,USB Hub,Accessories,7,1299,East
T000587,2026-04-09,C207,P012,Laptop Backpack,Accessories,9,2299,North
T000588,2026-04-09,C199,P013,Phone Stand,Accessories,11,699,South
T000589,2026-04-09,C260,P014,Portable SSD,Storage,2,6499,West
T000590,2026-04-09,C034,P015,Wireless Charger,Electronics,7,1599,Central
T000591,2026-04-10,C143,P001,Wireless Mouse,Accessories,7,1499,East
T000592,2026-04-10,C074,P002,Mechanical Keyboard,Accessories,1,4499,West
T000593,2026-04-10,C016,P003,USB-C Cable,Accessories,14,499,North
T000594,2026-04-10,C063,P004,Laptop Stand,Accessories,6,1899,South
T000595,2026-04-10,C124,P005,Webcam,Electronics,2,3299,West
T000596,2026-04-10,C135,P006,Bluetooth Speaker,Electronics,9,2499,East
T000597,2026-04-10,C004,P007,Power Bank,Electronics,9,1799,Central
T000598,2026-04-10,C049,P008,Wireless Headphones,Audio,4,3999,North
T000599,2026-04-10,C089,P009,Smart Watch,Wearables,3,5999,South
T000600,2026-04-10,C199,P010,HDMI Cable,Accessories,9,899,Central
T000601,2026-04-10,C069,P011,USB Hub,Accessories,7,1299,East
T000602,2026-04-10,C032,P012,Laptop Backpack,Accessories,4,2299,North
T000603,2026-04-10,C213,P013,Phone Stand,Accessories,6,699,South
T000604,2026-04-10,C233,P014,Portable SSD,Storage,4,6499,West
T000605,2026-04-10,C294,P015,Wireless Charger,Electronics,7,1599,Central
T000606,2026-04-11,C070,P001,Wireless Mouse,Accessories,11,1499,East
T000607,2026-04-11,C172,P002,Mechanical Keyboard,Accessories,5,4499,West
T000608,2026-04-11,C212,P003,USB-C Cable,Accessories,19,499,North
T000609,2026-04-11,C089,P004,Laptop Stand,Accessories,5,1899,South
T000610,2026-04-11,C226,P005,Webcam,Electronics,5,3299,West
T000611,2026-04-11,C198,P006,Bluetooth Speaker,Electronics,16,2499,East
T000612,2026-04-11,C278,P007,Power Bank,Electronics,5,1799,Central
T000613,2026-04-11,C050,P008,Wireless Headphones,Audio,7,3999,North
T000614,2026-04-11,C192,P009,Smart Watch,Wearables,4,5999,South
T000615,2026-04-11,C287,P010,HDMI Cable,Accessories,16,899,Central
T000616,2026-04-11,C090,P011,USB Hub,Accessories,11,1299,East
T000617,2026-04-11,C001,P012,Laptop Backpack,Accessories,6,2299,North
T000618,2026-04-11,C137,P013,Phone Stand,Accessories,12,699,South
T000619,2026-04-11,C117,P014,Portable SSD,Storage,1,6499,West
T000620,2026-04-11,C262,P015,Wireless Charger,Electronics,5,1599,Central
T000621,2026-04-12,C232,P001,Wireless Mouse,Accessories,10,1499,East
T000622,2026-04-12,C234,P002,Mechanical Keyboard,Accessories,7,4499,West
T000623,2026-04-12,C151,P003,USB-C Cable,Accessories,17,499,North
T000624,2026-04-12,C010,P004,Laptop Stand,Accessories,6,1899,South
T000625,2026-04-12,C024,P005,Webcam,Electronics,7,3299,West
T000626,2026-04-12,C136,P006,Bluetooth Speaker,Electronics,12,2499,East
T000627,2026-04-12,C207,P007,Power Bank,Electronics,5,1799,Central
T000628,2026-04-12,C159,P008,Wireless Headphones,Audio,2,3999,North
T000629,2026-04-12,C191,P009,Smart Watch,Wearables,1,5999,South
T000630,2026-04-12,C212,P010,HDMI Cable,Accessories,13,899,Central
T000631,2026-04-12,C038,P011,USB Hub,Accessories,10,1299,East
T000632,2026-04-12,C282,P012,Laptop Backpack,Accessories,9,2299,North
T000633,2026-04-12,C186,P013,Phone Stand,Accessories,10,699,South
T000634,2026-04-12,C040,P014,Portable SSD,Storage,4,6499,West
T000635,2026-04-12,C095,P015,Wireless Charger,Electronics,5,1599,Central
T000636,2026-04-13,C143,P001,Wireless Mouse,Accessories,7,1499,East
T000637,2026-04-13,C195,P002,Mechanical Keyboard,Accessories,10,4499,West
T000638,2026-04-13,C144,P003,USB-C Cable,Accessories,15,499,North
T000639,2026-04-13,C088,P004,Laptop Stand,Accessories,2,1899,South
T000640,2026-04-13,C239,P005,Webcam,Electronics,5,3299,West
T000641,2026-04-13,C124,P006,Bluetooth Speaker,Electronics,7,2499,East
T000642,2026-04-13,C057,P007,Power Bank,Electronics,3,1799,Central
T000643,2026-04-13,C049,P008,Wireless Headphones,Audio,6,3999,North
T000644,2026-04-13,C125,P009,Smart Watch,Wearables,2,5999,South
T000645,2026-04-13,C094,P010,HDMI Cable,Accessories,5,899,Central
T000646,2026-04-13,C237,P011,USB Hub,Accessories,12,1299,East
T000647,2026-04-13,C114,P012,Laptop Backpack,Accessories,4,2299,North
T000648,2026-04-13,C138,P013,Phone Stand,Accessories,8,699,South
T000649,2026-04-13,C223,P014,Portable SSD,Storage,1,6499,West
T000650,2026-04-13,C233,P015,Wireless Charger,Electronics,7,1599,Central
T000651,2026-04-14,C092,P001,Wireless Mouse,Accessories,6,1499,East
T000652,2026-04-14,C207,P002,Mechanical Keyboard,Accessories,4,4499,West
T000653,2026-04-14,C041,P003,USB-C Cable,Accessories,10,499,North
T000654,2026-04-14,C295,P004,Laptop Stand,Accessories,3,1899,South
T000655,2026-04-14,C045,P005,Webcam,Electronics,5,3299,West
T000656,2026-04-14,C245,P006,Bluetooth Speaker,Electronics,7,2499,East
T000657,2026-04-14,C037,P007,Power Bank,Electronics,5,1799,Central
T000658,2026-04-14,C059,P008,Wireless Headphones,Audio,3,3999,North
T000659,2026-04-14,C165,P009,Smart Watch,Wearables,3,5999,South
T000660,2026-04-14,C047,P010,HDMI Cable,Accessories,10,899,Central
T000661,2026-04-14,C119,P011,USB Hub,Accessories,10,1299,East
T000662,2026-04-14,C287,P012,Laptop Backpack,Accessories,1,2299,North
T000663,2026-04-14,C289,P013,Phone Stand,Accessories,12,699,South
T000664,2026-04-14,C195,P014,Portable SSD,Storage,5,6499,West
T000665,2026-04-14,C048,P015,Wireless Charger,Electronics,8,1599,Central
T000666,2026-04-15,C135,P001,Wireless Mouse,Accessories,7,1499,East
T000667,2026-04-15,C062,P002,Mechanical Keyboard,Accessories,8,4499,West
T000668,2026-04-15,C216,P003,USB-C Cable,Accessories,15,499,North
T000669,2026-04-15,C039,P004,Laptop Stand,Accessories,5,1899,South
T000670,2026-04-15,C125,P005,Webcam,Electronics,1,3299,West
T000671,2026-04-15,C061,P006,Bluetooth Speaker,Electronics,15,2499,East
T000672,2026-04-15,C188,P007,Power Bank,Electronics,4,1799,Central
T000673,2026-04-15,C079,P008,Wireless Headphones,Audio,6,3999,North
T000674,2026-04-15,C060,P009,Smart Watch,Wearables,3,5999,South
T000675,2026-04-15,C066,P010,HDMI Cable,Accessories,12,899,Central
T000676,2026-04-15,C027,P011,USB Hub,Accessories,7,1299,East
T000677,2026-04-15,C229,P012,Laptop Backpack,Accessories,9,2299,North
T000678,2026-04-15,C186,P013,Phone Stand,Accessories,8,699,South
T000679,2026-04-15,C258,P014,Portable SSD,Storage,1,6499,West
T000680,2026-04-15,C012,P015,Wireless Charger,Electronics,12,1599,Central
T000681,2026-04-16,C291,P001,Wireless Mouse,Accessories,3,1499,East
T000682,2026-04-16,C003,P002,Mechanical Keyboard,Accessories,5,4499,West
T000683,2026-04-16,C297,P003,USB-C Cable,Accessories,18,499,North
T000684,2026-04-16,C270,P004,Laptop Stand,Accessories,2,1899,South
T000685,2026-04-16,C022,P005,Webcam,Electronics,6,3299,West
T000686,2026-04-16,C142,P006,Bluetooth Speaker,Electronics,3,2499,East
T000687,2026-04-16,C113,P007,Power Bank,Electronics,7,1799,Central
T000688,2026-04-16,C124,P008,Wireless Headphones,Audio,5,3999,North
T000689,2026-04-16,C078,P009,Smart Watch,Wearables,4,5999,South
T000690,2026-04-16,C258,P010,HDMI Cable,Accessories,7,899,Central
T000691,2026-04-16,C177,P011,USB Hub,Accessories,6,1299,East
T000692,2026-04-16,C060,P012,Laptop Backpack,Accessories,2,2299,North
T000693,2026-04-16,C222,P013,Phone Stand,Accessories,5,699,South
T000694,2026-04-16,C005,P014,Portable SSD,Storage,2,6499,West
T000695,2026-04-16,C050,P015,Wireless Charger,Electronics,7,1599,Central
T000696,2026-04-17,C073,P001,Wireless Mouse,Accessories,11,1499,East
T000697,2026-04-17,C166,P002,Mechanical Keyboard,Accessories,4,4499,West
T000698,2026-04-17,C029,P003,USB-C Cable,Accessories,16,499,North
T000699,2026-04-17,C029,P004,Laptop Stand,Accessories,3,1899,South
T000700,2026-04-17,C117,P005,Webcam,Electronics,3,3299,West
T000701,2026-04-17,C082,P006,Bluetooth Speaker,Electronics,7,2499,East
T000702,2026-04-17,C250,P007,Power Bank,Electronics,5,1799,Central
T000703,2026-04-17,C187,P008,Wireless Headphones,Audio,9,3999,North
T000704,2026-04-17,C206,P009,Smart Watch,Wearables,2,5999,South
T000705,2026-04-17,C002,P010,HDMI Cable,Accessories,9,899,Central
T000706,2026-04-17,C263,P011,USB Hub,Accessories,5,1299,East
T000707,2026-04-17,C072,P012,Laptop Backpack,Accessories,4,2299,North
T000708,2026-04-17,C206,P013,Phone Stand,Accessories,5,699,South
T000709,2026-04-17,C297,P014,Portable SSD,Storage,1,6499,West
T000710,2026-04-17,C091,P015,Wireless Charger,Electronics,5,1599,Central
T000711,2026-04-18,C015,P001,Wireless Mouse,Accessories,11,1499,East
T000712,2026-04-18,C050,P002,Mechanical Keyboard,Accessories,8,4499,West
T000713,2026-04-18,C181,P003,USB-C Cable,Accessories,15,499,North
T000714,2026-04-18,C221,P004,Laptop Stand,Accessories,6,1899,South
T000715,2026-04-18,C133,P005,Webcam,Electronics,5,3299,West
T000716,2026-04-18,C014,P006,Bluetooth Speaker,Electronics,5,2499,East
T000717,2026-04-18,C072,P007,Power Bank,Electronics,5,1799,Central
T000718,2026-04-18,C290,P008,Wireless Headphones,Audio,7,3999,North
T000719,2026-04-18,C195,P009,Smart Watch,Wearables,5,5999,South
T000720,2026-04-18,C296,P010,HDMI Cable,Accessories,14,899,Central
T000721,2026-04-18,C238,P011,USB Hub,Accessories,8,1299,East
T000722,2026-04-18,C250,P012,Laptop Backpack,Accessories,2,2299,North
T000723,2026-04-18,C213,P013,Phone Stand,Accessories,18,699,South
T000724,2026-04-18,C246,P014,Portable SSD,Storage,3,6499,West
T000725,2026-04-18,C133,P015,Wireless Charger,Electronics,7,1599,Central
T000726,2026-04-19,C266,P001,Wireless Mouse,Accessories,15,1499,East
T000727,2026-04-19,C046,P002,Mechanical Keyboard,Accessories,6,4499,West
T000728,2026-04-19,C148,P003,USB-C Cable,Accessories,21,499,North
T000729,2026-04-19,C148,P004,Laptop Stand,Accessories,5,1899,South
T000730,2026-04-19,C047,P005,Webcam,Electronics,4,3299,West
T000731,2026-04-19,C218,P006,Bluetooth Speaker,Electronics,10,2499,East
T000732,2026-04-19,C013,P007,Power Bank,Electronics,9,1799,Central
T000733,2026-04-19,C108,P008,Wireless Headphones,Audio,8,3999,North
T000734,2026-04-19,C132,P009,Smart Watch,Wearables,4,5999,South
T000735,2026-04-19,C087,P010,HDMI Cable,Accessories,14,899,Central
T000736,2026-04-19,C135,P011,USB Hub,Accessories,10,1299,East
T000737,2026-04-19,C056,P012,Laptop Backpack,Accessories,4,2299,North
T000738,2026-04-19,C146,P013,Phone Stand,Accessories,14,699,South
T000739,2026-04-19,C040,P014,Portable SSD,Storage,2,6499,West
T000740,2026-04-19,C082,P015,Wireless Charger,Electronics,12,1599,Central
T000741,2026-04-20,C180,P001,Wireless Mouse,Accessories,13,1499,East
T000742,2026-04-20,C005,P002,Mechanical Keyboard,Accessories,5,4499,West
T000743,2026-04-20,C049,P003,USB-C Cable,Accessories,15,499,North
T000744,2026-04-20,C266,P004,Laptop Stand,Accessories,4,1899,South
T000745,2026-04-20,C285,P005,Webcam,Electronics,4,3299,West
T000746,2026-04-20,C216,P006,Bluetooth Speaker,Electronics,9,2499,East
T000747,2026-04-20,C003,P007,Power Bank,Electronics,6,1799,Central
T000748,2026-04-20,C234,P008,Wireless Headphones,Audio,4,3999,North
T000749,2026-04-20,C049,P010,HDMI Cable,Accessories,5,899,Central
T000750,2026-04-20,C052,P011,USB Hub,Accessories,5,1299,East
T000751,2026-04-20,C055,P012,Laptop Backpack,Accessories,4,2299,North
T000752,2026-04-20,C015,P013,Phone Stand,Accessories,12,699,South
T000753,2026-04-20,C086,P014,Portable SSD,Storage,2,6499,West
T000754,2026-04-20,C278,P015,Wireless Charger,Electronics,6,1599,Central
T000755,2026-04-21,C111,P001,Wireless Mouse,Accessories,9,1499,East
T000756,2026-04-21,C098,P002,Mechanical Keyboard,Accessories,3,4499,West
T000757,2026-04-21,C058,P003,USB-C Cable,Accessories,15,499,North
T000758,2026-04-21,C209,P004,Laptop Stand,Accessories,2,1899,South
T000759,2026-04-21,C156,P005,Webcam,Electronics,2,3299,West
T000760,2026-04-21,C250,P006,Bluetooth Speaker,Electronics,9,2499,East
T000761,2026-04-21,C016,P007,Power Bank,Electronics,7,1799,Central
T000762,2026-04-21,C146,P008,Wireless Headphones,Audio,2,3999,North
T000763,2026-04-21,C222,P009,Smart Watch,Wearables,2,5999,South
T000764,2026-04-21,C127,P010,HDMI Cable,Accessories,11,899,Central
T000765,2026-04-21,C264,P011,USB Hub,Accessories,7,1299,East
T000766,2026-04-21,C034,P012,Laptop Backpack,Accessories,6,2299,North
T000767,2026-04-21,C217,P013,Phone Stand,Accessories,7,699,South
T000768,2026-04-21,C046,P014,Portable SSD,Storage,4,6499,West
T000769,2026-04-21,C169,P015,Wireless Charger,Electronics,5,1599,Central
T000770,2026-04-22,C075,P001,Wireless Mouse,Accessories,12,1499,East
T000771,2026-04-22,C025,P002,Mechanical Keyboard,Accessories,10,4499,West
T000772,2026-04-22,C161,P003,USB-C Cable,Accessories,13,499,North
T000773,2026-04-22,C154,P004,Laptop Stand,Accessories,6,1899,South
T000774,2026-04-22,C137,P005,Webcam,Electronics,4,3299,West
T000775,2026-04-22,C296,P006,Bluetooth Speaker,Electronics,7,2499,East
T000776,2026-04-22,C167,P007,Power Bank,Electronics,7,1799,Central
T000777,2026-04-22,C252,P008,Wireless Headphones,Audio,8,3999,North
T000778,2026-04-22,C284,P009,Smart Watch,Wearables,1,5999,South
T000779,2026-04-22,C011,P010,HDMI Cable,Accessories,17,899,Central
T000780,2026-04-22,C148,P011,USB Hub,Accessories,8,1299,East
T000781,2026-04-22,C033,P012,Laptop Backpack,Accessories,7,2299,North
T000782,2026-04-22,C011,P013,Phone Stand,Accessories,6,699,South
T000783,2026-04-22,C294,P014,Portable SSD,Storage,2,6499,West
T000784,2026-04-22,C002,P015,Wireless Charger,Electronics,15,1599,Central
T000785,2026-04-23,C059,P001,Wireless Mouse,Accessories,6,1499,East
T000786,2026-04-23,C187,P002,Mechanical Keyboard,Accessories,7,4499,West
T000787,2026-04-23,C126,P003,USB-C Cable,Accessories,15,499,North
T000788,2026-04-23,C110,P004,Laptop Stand,Accessories,4,1899,South
T000789,2026-04-23,C062,P005,Webcam,Electronics,4,3299,West
T000790,2026-04-23,C043,P006,Bluetooth Speaker,Electronics,7,2499,East
T000791,2026-04-23,C249,P007,Power Bank,Electronics,6,1799,Central
T000792,2026-04-23,C094,P008,Wireless Headphones,Audio,10,3999,North
T000793,2026-04-23,C299,P009,Smart Watch,Wearables,1,5999,South
T000794,2026-04-23,C173,P010,HDMI Cable,Accessories,10,899,Central
T000795,2026-04-23,C022,P011,USB Hub,Accessories,9,1299,East
T000796,2026-04-23,C081,P012,Laptop Backpack,Accessories,5,2299,North
T000797,2026-04-23,C023,P013,Phone Stand,Accessories,6,699,South
T000798,2026-04-23,C276,P014,Portable SSD,Storage,3,6499,West
T000799,2026-04-23,C291,P015,Wireless Charger,Electronics,9,1599,Central
T000800,2026-04-24,C195,P001,Wireless Mouse,Accessories,7,1499,East
T000801,2026-04-24,C264,P002,Mechanical Keyboard,Accessories,3,4499,West
T000802,2026-04-24,C003,P003,USB-C Cable,Accessories,12,499,North
T000803,2026-04-24,C232,P004,Laptop Stand,Accessories,7,1899,South
T000804,2026-04-24,C201,P005,Webcam,Electronics,3,3299,West
T000805,2026-04-24,C059,P006,Bluetooth Speaker,Electronics,10,2499,East
T000806,2026-04-24,C272,P007,Power Bank,Electronics,4,1799,Central
T000807,2026-04-24,C004,P008,Wireless Headphones,Audio,4,3999,North
T000808,2026-04-24,C214,P009,Smart Watch,Wearables,1,5999,South
T000809,2026-04-24,C004,P010,HDMI Cable,Accessories,8,899,Central
T000810,2026-04-24,C263,P011,USB Hub,Accessories,5,1299,East
T000811,2026-04-24,C232,P012,Laptop Backpack,Accessories,5,2299,North
T000812,2026-04-24,C213,P013,Phone Stand,Accessories,7,699,South
T000813,2026-04-24,C261,P014,Portable SSD,Storage,3,6499,West
T000814,2026-04-24,C185,P015,Wireless Charger,Electronics,5,1599,Central
T000815,2026-04-25,C241,P001,Wireless Mouse,Accessories,13,1499,East
T000816,2026-04-25,C274,P002,Mechanical Keyboard,Accessories,6,4499,West
T000817,2026-04-25,C123,P003,USB-C Cable,Accessories,30,499,North
T000818,2026-04-25,C074,P004,Laptop Stand,Accessories,4,1899,South
T000819,2026-04-25,C270,P005,Webcam,Electronics,6,3299,West
T000820,2026-04-25,C284,P006,Bluetooth Speaker,Electronics,13,2499,East
T000821,2026-04-25,C257,P007,Power Bank,Electronics,7,1799,Central
T000822,2026-04-25,C214,P008,Wireless Headphones,Audio,7,3999,North
T000823,2026-04-25,C190,P009,Smart Watch,Wearables,1,5999,South
T000824,2026-04-25,C041,P010,HDMI Cable,Accessories,11,899,Central
T000825,2026-04-25,C039,P011,USB Hub,Accessories,11,1299,East
T000826,2026-04-25,C099,P012,Laptop Backpack,Accessories,3,2299,North
T000827,2026-04-25,C028,P013,Phone Stand,Accessories,13,699,South
T000828,2026-04-25,C221,P014,Portable SSD,Storage,2,6499,West
T000829,2026-04-25,C090,P015,Wireless Charger,Electronics,11,1599,Central
T000830,2026-04-26,C286,P001,Wireless Mouse,Accessories,7,1499,East
T000831,2026-04-26,C003,P002,Mechanical Keyboard,Accessories,2,4499,West
T000832,2026-04-26,C147,P003,USB-C Cable,Accessories,26,499,North
T000833,2026-04-26,C146,P004,Laptop Stand,Accessories,5,1899,South
T000834,2026-04-26,C284,P005,Webcam,Electronics,4,3299,West
T000835,2026-04-26,C026,P006,Bluetooth Speaker,Electronics,10,2499,East
T000836,2026-04-26,C294,P007,Power Bank,Electronics,10,1799,Central
T000837,2026-04-26,C021,P008,Wireless Headphones,Audio,10,3999,North
T000838,2026-04-26,C161,P009,Smart Watch,Wearables,4,5999,South
T000839,2026-04-26,C156,P010,HDMI Cable,Accessories,12,899,Central
T000840,2026-04-26,C261,P011,USB Hub,Accessories,9,1299,East
T000841,2026-04-26,C171,P012,Laptop Backpack,Accessories,4,2299,North
T000842,2026-04-26,C255,P013,Phone Stand,Accessories,14,699,South
T000843,2026-04-26,C271,P014,Portable SSD,Storage,3,6499,West
T000844,2026-04-26,C151,P015,Wireless Charger,Electronics,13,1599,Central
T000845,2026-04-27,C258,P001,Wireless Mouse,Accessories,7,1499,East
T000846,2026-04-27,C067,P002,Mechanical Keyboard,Accessories,3,4499,West
T000847,2026-04-27,C114,P003,USB-C Cable,Accessories,12,499,North
T000848,2026-04-27,C117,P004,Laptop Stand,Accessories,5,1899,South
T000849,2026-04-27,C276,P005,Webcam,Electronics,1,3299,West
T000850,2026-04-27,C088,P006,Bluetooth Speaker,Electronics,6,2499,East
T000851,2026-04-27,C131,P007,Power Bank,Electronics,5,1799,Central
T000852,2026-04-27,C228,P008,Wireless Headphones,Audio,5,3999,North
T000853,2026-04-27,C205,P009,Smart Watch,Wearables,1,5999,South
T000854,2026-04-27,C186,P010,HDMI Cable,Accessories,9,899,Central
T000855,2026-04-27,C232,P011,USB Hub,Accessories,8,1299,East
T000856,2026-04-27,C155,P012,Laptop Backpack,Accessories,3,2299,North
T000857,2026-04-27,C078,P013,Phone Stand,Accessories,7,699,South
T000858,2026-04-27,C114,P014,Portable SSD,Storage,1,6499,West
T000859,2026-04-27,C056,P015,Wireless Charger,Electronics,6,1599,Central
T000860,2026-04-28,C085,P001,Wireless Mouse,Accessories,9,1499,East
T000861,2026-04-28,C089,P002,Mechanical Keyboard,Accessories,3,4499,West
T000862,2026-04-28,C190,P003,USB-C Cable,Accessories,14,499,North
T000863,2026-04-28,C258,P004,Laptop Stand,Accessories,3,1899,South
T000864,2026-04-28,C107,P005,Webcam,Electronics,1,3299,West
T000865,2026-04-28,C050,P006,Bluetooth Speaker,Electronics,9,2499,East
T000866,2026-04-28,C296,P007,Power Bank,Electronics,3,1799,Central
T000867,2026-04-28,C246,P008,Wireless Headphones,Audio,3,3999,North
T000868,2026-04-28,C040,P009,Smart Watch,Wearables,5,5999,South
T000869,2026-04-28,C102,P010,HDMI Cable,Accessories,13,899,Central
T000870,2026-04-28,C284,P011,USB Hub,Accessories,8,1299,East
T000871,2026-04-28,C290,P012,Laptop Backpack,Accessories,4,2299,North
T000872,2026-04-28,C054,P013,Phone Stand,Accessories,10,699,South
T000873,2026-04-28,C214,P014,Portable SSD,Storage,1,6499,West
T000874,2026-04-28,C294,P015,Wireless Charger,Electronics,2,1599,Central
T000875,2026-04-29,C175,P001,Wireless Mouse,Accessories,3,1499,East
T000876,2026-04-29,C142,P002,Mechanical Keyboard,Accessories,9,4499,West
T000877,2026-04-29,C156,P003,USB-C Cable,Accessories,15,499,North
T000878,2026-04-29,C176,P004,Laptop Stand,Accessories,2,1899,South
T000879,2026-04-29,C173,P005,Webcam,Electronics,2,3299,West
T000880,2026-04-29,C271,P006,Bluetooth Speaker,Electronics,6,2499,East
T000881,2026-04-29,C294,P007,Power Bank,Electronics,3,1799,Central
T000882,2026-04-29,C133,P008,Wireless Headphones,Audio,7,3999,North
T000883,2026-04-29,C177,P009,Smart Watch,Wearables,5,5999,South
T000884,2026-04-29,C184,P010,HDMI Cable,Accessories,6,899,Central
T000885,2026-04-29,C115,P011,USB Hub,Accessories,7,1299,East
T000886,2026-04-29,C071,P012,Laptop Backpack,Accessories,8,2299,North
T000887,2026-04-29,C003,P013,Phone Stand,Accessories,14,699,South
T000888,2026-04-29,C024,P014,Portable SSD,Storage,1,6499,West
T000889,2026-04-29,C261,P015,Wireless Charger,Electronics,3,1599,Central
T000890,2026-04-30,C059,P001,Wireless Mouse,Accessories,11,1499,East
T000891,2026-04-30,C288,P002,Mechanical Keyboard,Accessories,6,4499,West
T000892,2026-04-30,C075,P003,USB-C Cable,Accessories,14,499,North
T000893,2026-04-30,C048,P004,Laptop Stand,Accessories,6,1899,South
T000894,2026-04-30,C085,P005,Webcam,Electronics,2,3299,West
T000895,2026-04-30,C004,P006,Bluetooth Speaker,Electronics,9,2499,East
T000896,2026-04-30,C288,P007,Power Bank,Electronics,7,1799,Central
T000897,2026-04-30,C149,P008,Wireless Headphones,Audio,2,3999,North
T000898,2026-04-30,C135,P009,Smart Watch,Wearables,2,5999,South
T000899,2026-04-30,C004,P010,HDMI Cable,Accessories,13,899,Central
T000900,2026-04-30,C072,P011,USB Hub,Accessories,9,1299,East
T000901,2026-04-30,C246,P012,Laptop Backpack,Accessories,7,2299,North
T000902,2026-04-30,C072,P013,Phone Stand,Accessories,7,699,South
T000903,2026-04-30,C148,P014,Portable SSD,Storage,6,6499,West
T000904,2026-04-30,C105,P015,Wireless Charger,Electronics,11,1599,Central
T000905,2026-05-01,C252,P001,Wireless Mouse,Accessories,10,1499,East
T000906,2026-05-01,C204,P002,Mechanical Keyboard,Accessories,5,4499,West
T000907,2026-05-01,C115,P003,USB-C Cable,Accessories,16,499,North
T000908,2026-05-01,C015,P004,Laptop Stand,Accessories,3,1899,South
T000909,2026-05-01,C130,P005,Webcam,Electronics,2,3299,West
T000910,2026-05-01,C295,P006,Bluetooth Speaker,Electronics,7,2499,East
T000911,2026-05-01,C104,P007,Power Bank,Electronics,1,1799,Central
T000912,2026-05-01,C281,P008,Wireless Headphones,Audio,7,3999,North
T000913,2026-05-01,C227,P010,HDMI Cable,Accessories,8,899,Central
T000914,2026-05-01,C294,P011,USB Hub,Accessories,4,1299,East
T000915,2026-05-01,C072,P012,Laptop Backpack,Accessories,7,2299,North
T000916,2026-05-01,C011,P013,Phone Stand,Accessories,9,699,South
T000917,2026-05-01,C116,P014,Portable SSD,Storage,2,6499,West
T000918,2026-05-01,C153,P015,Wireless Charger,Electronics,11,1599,Central
T000919,2026-05-02,C004,P001,Wireless Mouse,Accessories,9,1499,East
T000920,2026-05-02,C143,P002,Mechanical Keyboard,Accessories,4,4499,West
T000921,2026-05-02,C166,P003,USB-C Cable,Accessories,17,499,North
T000922,2026-05-02,C207,P004,Laptop Stand,Accessories,5,1899,South
T000923,2026-05-02,C259,P005,Webcam,Electronics,4,3299,West
T000924,2026-05-02,C039,P006,Bluetooth Speaker,Electronics,7,2499,East
T000925,2026-05-02,C006,P007,Power Bank,Electronics,6,1799,Central
T000926,2026-05-02,C216,P008,Wireless Headphones,Audio,4,3999,North
T000927,2026-05-02,C100,P009,Smart Watch,Wearables,2,5999,South
T000928,2026-05-02,C115,P010,HDMI Cable,Accessories,8,899,Central
T000929,2026-05-02,C209,P011,USB Hub,Accessories,9,1299,East
T000930,2026-05-02,C091,P012,Laptop Backpack,Accessories,6,2299,North
T000931,2026-05-02,C014,P013,Phone Stand,Accessories,6,699,South
T000932,2026-05-02,C201,P014,Portable SSD,Storage,3,6499,West
T000933,2026-05-02,C129,P015,Wireless Charger,Electronics,10,1599,Central
T000934,2026-05-03,C172,P001,Wireless Mouse,Accessories,9,1499,East
T000935,2026-05-03,C137,P002,Mechanical Keyboard,Accessories,9,4499,West
T000936,2026-05-03,C030,P003,USB-C Cable,Accessories,22,499,North
T000937,2026-05-03,C174,P004,Laptop Stand,Accessories,4,1899,South
T000938,2026-05-03,C188,P005,Webcam,Electronics,6,3299,West
T000939,2026-05-03,C100,P006,Bluetooth Speaker,Electronics,9,2499,East
T000940,2026-05-03,C050,P007,Power Bank,Electronics,9,1799,Central
T000941,2026-05-03,C028,P008,Wireless Headphones,Audio,4,3999,North
T000942,2026-05-03,C096,P009,Smart Watch,Wearables,3,5999,South
T000943,2026-05-03,C086,P010,HDMI Cable,Accessories,9,899,Central
T000944,2026-05-03,C140,P011,USB Hub,Accessories,9,1299,East
T000945,2026-05-03,C129,P012,Laptop Backpack,Accessories,2,2299,North
T000946,2026-05-03,C051,P013,Phone Stand,Accessories,14,699,South
T000947,2026-05-03,C253,P015,Wireless Charger,Electronics,6,1599,Central
T000948,2026-05-04,C113,P001,Wireless Mouse,Accessories,5,1499,East
T000949,2026-05-04,C043,P002,Mechanical Keyboard,Accessories,7,4499,West
T000950,2026-05-04,C186,P003,USB-C Cable,Accessories,13,499,North
T000951,2026-05-04,C149,P004,Laptop Stand,Accessories,7,1899,South
T000952,2026-05-04,C153,P005,Webcam,Electronics,3,3299,West
T000953,2026-05-04,C113,P006,Bluetooth Speaker,Electronics,7,2499,East
T000954,2026-05-04,C152,P007,Power Bank,Electronics,4,1799,Central
T000955,2026-05-04,C072,P008,Wireless Headphones,Audio,3,3999,North
T000956,2026-05-04,C052,P009,Smart Watch,Wearables,4,5999,South
T000957,2026-05-04,C173,P010,HDMI Cable,Accessories,17,899,Central
T000958,2026-05-04,C047,P011,USB Hub,Accessories,4,1299,East
T000959,2026-05-04,C292,P012,Laptop Backpack,Accessories,6,2299,North
T000960,2026-05-04,C208,P013,Phone Stand,Accessories,6,699,South
T000961,2026-05-04,C175,P014,Portable SSD,Storage,2,6499,West
T000962,2026-05-04,C259,P015,Wireless Charger,Electronics,7,1599,Central
T000963,2026-05-05,C172,P001,Wireless Mouse,Accessories,11,1499,East
T000964,2026-05-05,C163,P002,Mechanical Keyboard,Accessories,4,4499,West
T000965,2026-05-05,C181,P003,USB-C Cable,Accessories,20,499,North
T000966,2026-05-05,C202,P004,Laptop Stand,Accessories,6,1899,South
T000967,2026-05-05,C148,P005,Webcam,Electronics,2,3299,West
T000968,2026-05-05,C061,P006,Bluetooth Speaker,Electronics,3,2499,East
T000969,2026-05-05,C207,P007,Power Bank,Electronics,3,1799,Central
T000970,2026-05-05,C025,P008,Wireless Headphones,Audio,3,3999,North
T000971,2026-05-05,C107,P009,Smart Watch,Wearables,2,5999,South
T000972,2026-05-05,C276,P010,HDMI Cable,Accessories,14,899,Central
T000973,2026-05-05,C293,P011,USB Hub,Accessories,6,1299,East
T000974,2026-05-05,C154,P012,Laptop Backpack,Accessories,3,2299,North
T000975,2026-05-05,C174,P013,Phone Stand,Accessories,14,699,South
T000976,2026-05-05,C109,P015,Wireless Charger,Electronics,6,1599,Central
T000977,2026-05-06,C094,P001,Wireless Mouse,Accessories,5,1499,East
T000978,2026-05-06,C179,P002,Mechanical Keyboard,Accessories,3,4499,West
T000979,2026-05-06,C052,P003,USB-C Cable,Accessories,14,499,North
T000980,2026-05-06,C274,P004,Laptop Stand,Accessories,4,1899,South
T000981,2026-05-06,C033,P005,Webcam,Electronics,6,3299,West
T000982,2026-05-06,C197,P006,Bluetooth Speaker,Electronics,6,2499,East
T000983,2026-05-06,C202,P007,Power Bank,Electronics,2,1799,Central
T000984,2026-05-06,C011,P008,Wireless Headphones,Audio,4,3999,North
T000985,2026-05-06,C103,P009,Smart Watch,Wearables,2,5999,South
T000986,2026-05-06,C263,P010,HDMI Cable,Accessories,16,899,Central
T000987,2026-05-06,C248,P011,USB Hub,Accessories,8,1299,East
T000988,2026-05-06,C244,P012,Laptop Backpack,Accessories,4,2299,North
T000989,2026-05-06,C080,P013,Phone Stand,Accessories,4,699,South
T000990,2026-05-06,C168,P014,Portable SSD,Storage,2,6499,West
T000991,2026-05-06,C187,P015,Wireless Charger,Electronics,13,1599,Central
T000992,2026-05-07,C240,P001,Wireless Mouse,Accessories,5,1499,East
T000993,2026-05-07,C141,P002,Mechanical Keyboard,Accessories,11,4499,West
T000994,2026-05-07,C211,P003,USB-C Cable,Accessories,28,499,North
T000995,2026-05-07,C212,P004,Laptop Stand,Accessories,1,1899,South
T000996,2026-05-07,C073,P005,Webcam,Electronics,4,3299,West
T000997,2026-05-07,C189,P006,Bluetooth Speaker,Electronics,12,2499,East
T000998,2026-05-07,C258,P007,Power Bank,Electronics,9,1799,Central
T000999,2026-05-07,C065,P008,Wireless Headphones,Audio,5,3999,North
T001000,2026-05-07,C083,P009,Smart Watch,Wearables,3,5999,South
T001001,2026-05-07,C143,P010,HDMI Cable,Accessories,12,899,Central
T001002,2026-05-07,C297,P011,USB Hub,Accessories,11,1299,East
T001003,2026-05-07,C067,P012,Laptop Backpack,Accessories,6,2299,North
T001004,2026-05-07,C067,P013,Phone Stand,Accessories,9,699,South
T001005,2026-05-07,C145,P014,Portable SSD,Storage,1,6499,West
T001006,2026-05-07,C093,P015,Wireless Charger,Electronics,5,1599,Central
T001007,2026-05-08,C124,P001,Wireless Mouse,Accessories,7,1499,East
T001008,2026-05-08,C232,P002,Mechanical Keyboard,Accessories,3,4499,West
T001009,2026-05-08,C113,P003,USB-C Cable,Accessories,13,499,North
T001010,2026-05-08,C138,P004,Laptop Stand,Accessories,3,1899,South
T001011,2026-05-08,C139,P005,Webcam,Electronics,3,3299,West
T001012,2026-05-08,C224,P006,Bluetooth Speaker,Electronics,13,2499,East
T001013,2026-05-08,C043,P007,Power Bank,Electronics,5,1799,Central
T001014,2026-05-08,C193,P008,Wireless Headphones,Audio,6,3999,North
T001015,2026-05-08,C136,P010,HDMI Cable,Accessories,9,899,Central
T001016,2026-05-08,C012,P011,USB Hub,Accessories,4,1299,East
T001017,2026-05-08,C099,P012,Laptop Backpack,Accessories,2,2299,North
T001018,2026-05-08,C031,P013,Phone Stand,Accessories,11,699,South
T001019,2026-05-08,C220,P014,Portable SSD,Storage,5,6499,West
T001020,2026-05-08,C280,P015,Wireless Charger,Electronics,6,1599,Central
T001021,2026-05-09,C237,P001,Wireless Mouse,Accessories,12,1499,East
T001022,2026-05-09,C228,P002,Mechanical Keyboard,Accessories,3,4499,West
T001023,2026-05-09,C282,P003,USB-C Cable,Accessories,16,499,North
T001024,2026-05-09,C279,P004,Laptop Stand,Accessories,5,1899,South
T001025,2026-05-09,C288,P005,Webcam,Electronics,4,3299,West
T001026,2026-05-09,C055,P006,Bluetooth Speaker,Electronics,11,2499,East
T001027,2026-05-09,C153,P007,Power Bank,Electronics,5,1799,Central
T001028,2026-05-09,C139,P008,Wireless Headphones,Audio,5,3999,North
T001029,2026-05-09,C244,P009,Smart Watch,Wearables,1,5999,South
T001030,2026-05-09,C292,P010,HDMI Cable,Accessories,15,899,Central
T001031,2026-05-09,C254,P011,USB Hub,Accessories,5,1299,East
T001032,2026-05-09,C121,P012,Laptop Backpack,Accessories,5,2299,North
T001033,2026-05-09,C161,P013,Phone Stand,Accessories,10,699,South
T001034,2026-05-09,C288,P014,Portable SSD,Storage,5,6499,West
T001035,2026-05-09,C001,P015,Wireless Charger,Electronics,9,1599,Central
T001036,2026-05-10,C131,P001,Wireless Mouse,Accessories,12,1499,East
T001037,2026-05-10,C030,P002,Mechanical Keyboard,Accessories,4,4499,West
T001038,2026-05-10,C272,P003,USB-C Cable,Accessories,18,499,North
T001039,2026-05-10,C219,P004,Laptop Stand,Accessories,5,1899,South
T001040,2026-05-10,C105,P005,Webcam,Electronics,5,3299,West
T001041,2026-05-10,C009,P006,Bluetooth Speaker,Electronics,7,2499,East
T001042,2026-05-10,C065,P007,Power Bank,Electronics,6,1799,Central
T001043,2026-05-10,C147,P008,Wireless Headphones,Audio,4,3999,North
T001044,2026-05-10,C120,P009,Smart Watch,Wearables,1,5999,South
T001045,2026-05-10,C132,P010,HDMI Cable,Accessories,13,899,Central
T001046,2026-05-10,C297,P011,USB Hub,Accessories,7,1299,East
T001047,2026-05-10,C194,P012,Laptop Backpack,Accessories,5,2299,North
T001048,2026-05-10,C196,P013,Phone Stand,Accessories,15,699,South
T001049,2026-05-10,C239,P014,Portable SSD,Storage,4,6499,West
T001050,2026-05-10,C200,P015,Wireless Charger,Electronics,6,1599,Central
T001051,2026-05-11,C086,P001,Wireless Mouse,Accessories,6,1499,East
T001052,2026-05-11,C025,P002,Mechanical Keyboard,Accessories,5,4499,West
T001053,2026-05-11,C119,P003,USB-C Cable,Accessories,24,499,North
T001054,2026-05-11,C191,P004,Laptop Stand,Accessories,4,1899,South
T001055,2026-05-11,C003,P005,Webcam,Electronics,1,3299,West
T001056,2026-05-11,C214,P006,Bluetooth Speaker,Electronics,7,2499,East
T001057,2026-05-11,C230,P007,Power Bank,Electronics,4,1799,Central
T001058,2026-05-11,C108,P008,Wireless Headphones,Audio,3,3999,North
T001059,2026-05-11,C180,P009,Smart Watch,Wearables,2,5999,South
T001060,2026-05-11,C092,P010,HDMI Cable,Accessories,9,899,Central
T001061,2026-05-11,C104,P011,USB Hub,Accessories,5,1299,East
T001062,2026-05-11,C021,P012,Laptop Backpack,Accessories,4,2299,North
T001063,2026-05-11,C011,P013,Phone Stand,Accessories,10,699,South
T001064,2026-05-11,C013,P014,Portable SSD,Storage,2,6499,West
T001065,2026-05-11,C230,P015,Wireless Charger,Electronics,10,1599,Central
T001066,2026-05-12,C287,P001,Wireless Mouse,Accessories,7,1499,East
T001067,2026-05-12,C112,P002,Mechanical Keyboard,Accessories,5,4499,West
T001068,2026-05-12,C277,P003,USB-C Cable,Accessories,13,499,North
T001069,2026-05-12,C277,P004,Laptop Stand,Accessories,6,1899,South
T001070,2026-05-12,C257,P005,Webcam,Electronics,1,3299,West
T001071,2026-05-12,C012,P006,Bluetooth Speaker,Electronics,9,2499,East
T001072,2026-05-12,C255,P007,Power Bank,Electronics,10,1799,Central
T001073,2026-05-12,C070,P008,Wireless Headphones,Audio,4,3999,North
T001074,2026-05-12,C170,P009,Smart Watch,Wearables,2,5999,South
T001075,2026-05-12,C038,P010,HDMI Cable,Accessories,9,899,Central
T001076,2026-05-12,C207,P011,USB Hub,Accessories,10,1299,East
T001077,2026-05-12,C105,P012,Laptop Backpack,Accessories,3,2299,North
T001078,2026-05-12,C176,P013,Phone Stand,Accessories,12,699,South
T001079,2026-05-12,C104,P014,Portable SSD,Storage,2,6499,West
T001080,2026-05-12,C243,P015,Wireless Charger,Electronics,6,1599,Central
T001081,2026-05-13,C036,P001,Wireless Mouse,Accessories,7,1499,East
T001082,2026-05-13,C163,P002,Mechanical Keyboard,Accessories,4,4499,West
T001083,2026-05-13,C266,P003,USB-C Cable,Accessories,10,499,North
T001084,2026-05-13,C060,P004,Laptop Stand,Accessories,3,1899,South
T001085,2026-05-13,C110,P005,Webcam,Electronics,7,3299,West
T001086,2026-05-13,C277,P006,Bluetooth Speaker,Electronics,6,2499,East
T001087,2026-05-13,C083,P007,Power Bank,Electronics,3,1799,Central
T001088,2026-05-13,C300,P008,Wireless Headphones,Audio,5,3999,North
T001089,2026-05-13,C102,P009,Smart Watch,Wearables,3,5999,South
T001090,2026-05-13,C277,P010,HDMI Cable,Accessories,12,899,Central
T001091,2026-05-13,C007,P011,USB Hub,Accessories,8,1299,East
T001092,2026-05-13,C140,P012,Laptop Backpack,Accessories,2,2299,North
T001093,2026-05-13,C215,P013,Phone Stand,Accessories,10,699,South
T001094,2026-05-13,C023,P014,Portable SSD,Storage,2,6499,West
T001095,2026-05-13,C072,P015,Wireless Charger,Electronics,7,1599,Central
T001096,2026-05-14,C211,P001,Wireless Mouse,Accessories,8,1499,East
T001097,2026-05-14,C217,P002,Mechanical Keyboard,Accessories,6,4499,West
T001098,2026-05-14,C133,P003,USB-C Cable,Accessories,11,499,North
T001099,2026-05-14,C146,P004,Laptop Stand,Accessories,3,1899,South
T001100,2026-05-14,C029,P005,Webcam,Electronics,7,3299,West
T001101,2026-05-14,C087,P006,Bluetooth Speaker,Electronics,8,2499,East
T001102,2026-05-14,C108,P007,Power Bank,Electronics,2,1799,Central
T001103,2026-05-14,C160,P008,Wireless Headphones,Audio,1,3999,North
T001104,2026-05-14,C050,P009,Smart Watch,Wearables,2,5999,South
T001105,2026-05-14,C220,P010,HDMI Cable,Accessories,15,899,Central
T001106,2026-05-14,C085,P011,USB Hub,Accessories,10,1299,East
T001107,2026-05-14,C158,P012,Laptop Backpack,Accessories,1,2299,North
T001108,2026-05-14,C032,P013,Phone Stand,Accessories,6,699,South
T001109,2026-05-14,C121,P015,Wireless Charger,Electronics,6,1599,Central
T001110,2026-05-15,C154,P001,Wireless Mouse,Accessories,8,1499,East
T001111,2026-05-15,C260,P002,Mechanical Keyboard,Accessories,7,4499,West
T001112,2026-05-15,C118,P003,USB-C Cable,Accessories,12,499,North
T001113,2026-05-15,C173,P004,Laptop Stand,Accessories,4,1899,South
T001114,2026-05-15,C227,P005,Webcam,Electronics,3,3299,West
T001115,2026-05-15,C053,P006,Bluetooth Speaker,Electronics,3,2499,East
T001116,2026-05-15,C135,P007,Power Bank,Electronics,6,1799,Central
T001117,2026-05-15,C065,P008,Wireless Headphones,Audio,5,3999,North
T001118,2026-05-15,C280,P009,Smart Watch,Wearables,1,5999,South
T001119,2026-05-15,C153,P010,HDMI Cable,Accessories,11,899,Central
T001120,2026-05-15,C114,P011,USB Hub,Accessories,6,1299,East
T001121,2026-05-15,C197,P012,Laptop Backpack,Accessories,1,2299,North
T001122,2026-05-15,C231,P013,Phone Stand,Accessories,9,699,South
T001123,2026-05-15,C121,P014,Portable SSD,Storage,2,6499,West
T001124,2026-05-15,C018,P015,Wireless Charger,Electronics,10,1599,Central
T001125,2026-05-16,C138,P001,Wireless Mouse,Accessories,9,1499,East
T001126,2026-05-16,C045,P002,Mechanical Keyboard,Accessories,8,4499,West
T001127,2026-05-16,C125,P003,USB-C Cable,Accessories,22,499,North
T001128,2026-05-16,C116,P004,Laptop Stand,Accessories,8,1899,South
T001129,2026-05-16,C017,P005,Webcam,Electronics,13,3299,West
T001130,2026-05-16,C244,P006,Bluetooth Speaker,Electronics,7,2499,East
T001131,2026-05-16,C050,P007,Power Bank,Electronics,3,1799,Central
T001132,2026-05-16,C138,P008,Wireless Headphones,Audio,2,3999,North
T001133,2026-05-16,C074,P009,Smart Watch,Wearables,3,5999,South
T001134,2026-05-16,C198,P010,HDMI Cable,Accessories,13,899,Central
T001135,2026-05-16,C004,P011,USB Hub,Accessories,8,1299,East
T001136,2026-05-16,C291,P012,Laptop Backpack,Accessories,7,2299,North
T001137,2026-05-16,C088,P013,Phone Stand,Accessories,15,699,South
T001138,2026-05-16,C014,P014,Portable SSD,Storage,4,6499,West
T001139,2026-05-16,C129,P015,Wireless Charger,Electronics,10,1599,Central
T001140,2026-05-17,C267,P001,Wireless Mouse,Accessories,11,1499,East
T001141,2026-05-17,C176,P002,Mechanical Keyboard,Accessories,8,4499,West
T001142,2026-05-17,C187,P003,USB-C Cable,Accessories,24,499,North
T001143,2026-05-17,C283,P004,Laptop Stand,Accessories,9,1899,South
T001144,2026-05-17,C025,P005,Webcam,Electronics,2,3299,West
T001145,2026-05-17,C002,P006,Bluetooth Speaker,Electronics,3,2499,East
T001146,2026-05-17,C130,P007,Power Bank,Electronics,9,1799,Central
T001147,2026-05-17,C293,P008,Wireless Headphones,Audio,7,3999,North
T001148,2026-05-17,C036,P009,Smart Watch,Wearables,1,5999,South
T001149,2026-05-17,C255,P010,HDMI Cable,Accessories,16,899,Central
T001150,2026-05-17,C079,P011,USB Hub,Accessories,6,1299,East
T001151,2026-05-17,C192,P012,Laptop Backpack,Accessories,3,2299,North
T001152,2026-05-17,C056,P013,Phone Stand,Accessories,12,699,South
T001153,2026-05-17,C289,P014,Portable SSD,Storage,3,6499,West
T001154,2026-05-17,C134,P015,Wireless Charger,Electronics,11,1599,Central
T001155,2026-05-18,C160,P001,Wireless Mouse,Accessories,7,1499,East
T001156,2026-05-18,C282,P002,Mechanical Keyboard,Accessories,7,4499,West
T001157,2026-05-18,C125,P003,USB-C Cable,Accessories,15,499,North
T001158,2026-05-18,C140,P004,Laptop Stand,Accessories,5,1899,South
T001159,2026-05-18,C060,P005,Webcam,Electronics,3,3299,West
T001160,2026-05-18,C110,P006,Bluetooth Speaker,Electronics,8,2499,East
T001161,2026-05-18,C034,P007,Power Bank,Electronics,3,1799,Central
T001162,2026-05-18,C083,P008,Wireless Headphones,Audio,4,3999,North
T001163,2026-05-18,C182,P009,Smart Watch,Wearables,3,5999,South
T001164,2026-05-18,C193,P010,HDMI Cable,Accessories,6,899,Central
T001165,2026-05-18,C100,P011,USB Hub,Accessories,9,1299,East
T001166,2026-05-18,C170,P012,Laptop Backpack,Accessories,5,2299,North
T001167,2026-05-18,C204,P013,Phone Stand,Accessories,11,699,South
T001168,2026-05-18,C101,P014,Portable SSD,Storage,3,6499,West
T001169,2026-05-18,C065,P015,Wireless Charger,Electronics,11,1599,Central
T001170,2026-05-19,C124,P001,Wireless Mouse,Accessories,5,1499,East
T001171,2026-05-19,C028,P002,Mechanical Keyboard,Accessories,2,4499,West
T001172,2026-05-19,C011,P003,USB-C Cable,Accessories,18,499,North
T001173,2026-05-19,C178,P004,Laptop Stand,Accessories,7,1899,South
T001174,2026-05-19,C199,P005,Webcam,Electronics,4,3299,West
T001175,2026-05-19,C058,P006,Bluetooth Speaker,Electronics,6,2499,East
T001176,2026-05-19,C107,P007,Power Bank,Electronics,11,1799,Central
T001177,2026-05-19,C117,P008,Wireless Headphones,Audio,5,3999,North
T001178,2026-05-19,C212,P009,Smart Watch,Wearables,1,5999,South
T001179,2026-05-19,C270,P010,HDMI Cable,Accessories,9,899,Central
T001180,2026-05-19,C270,P011,USB Hub,Accessories,11,1299,East
T001181,2026-05-19,C217,P012,Laptop Backpack,Accessories,4,2299,North
T001182,2026-05-19,C009,P013,Phone Stand,Accessories,11,699,South
T001183,2026-05-19,C129,P014,Portable SSD,Storage,2,6499,West
T001184,2026-05-19,C010,P015,Wireless Charger,Electronics,6,1599,Central
T001185,2026-05-20,C028,P001,Wireless Mouse,Accessories,5,1499,East
T001186,2026-05-20,C021,P002,Mechanical Keyboard,Accessories,6,4499,West
T001187,2026-05-20,C093,P003,USB-C Cable,Accessories,15,499,North
T001188,2026-05-20,C134,P004,Laptop Stand,Accessories,1,1899,South
T001189,2026-05-20,C121,P005,Webcam,Electronics,5,3299,West
T001190,2026-05-20,C117,P006,Bluetooth Speaker,Electronics,4,2499,East
T001191,2026-05-20,C274,P007,Power Bank,Electronics,5,1799,Central
T001192,2026-05-20,C023,P008,Wireless Headphones,Audio,2,3999,North
T001193,2026-05-20,C102,P009,Smart Watch,Wearables,2,5999,South
T001194,2026-05-20,C033,P010,HDMI Cable,Accessories,14,899,Central
T001195,2026-05-20,C085,P011,USB Hub,Accessories,13,1299,East
T001196,2026-05-20,C079,P012,Laptop Backpack,Accessories,5,2299,North
T001197,2026-05-20,C255,P013,Phone Stand,Accessories,11,699,South
T001198,2026-05-20,C169,P014,Portable SSD,Storage,1,6499,West
T001199,2026-05-20,C213,P015,Wireless Charger,Electronics,7,1599,Central
T001200,2026-05-21,C175,P001,Wireless Mouse,Accessories,13,1499,East
T001201,2026-05-21,C266,P002,Mechanical Keyboard,Accessories,9,4499,West
T001202,2026-05-21,C204,P003,USB-C Cable,Accessories,13,499,North
T001203,2026-05-21,C103,P004,Laptop Stand,Accessories,3,1899,South
T001204,2026-05-21,C024,P005,Webcam,Electronics,1,3299,West
T001205,2026-05-21,C170,P006,Bluetooth Speaker,Electronics,7,2499,East
T001206,2026-05-21,C118,P007,Power Bank,Electronics,10,1799,Central
T001207,2026-05-21,C063,P008,Wireless Headphones,Audio,4,3999,North
T001208,2026-05-21,C140,P009,Smart Watch,Wearables,2,5999,South
T001209,2026-05-21,C170,P010,HDMI Cable,Accessories,15,899,Central
T001210,2026-05-21,C172,P011,USB Hub,Accessories,6,1299,East
T001211,2026-05-21,C247,P012,Laptop Backpack,Accessories,1,2299,North
T001212,2026-05-21,C047,P013,Phone Stand,Accessories,8,699,South
T001213,2026-05-21,C085,P014,Portable SSD,Storage,2,6499,West
T001214,2026-05-21,C119,P015,Wireless Charger,Electronics,3,1599,Central
T001215,2026-05-22,C103,P001,Wireless Mouse,Accessories,8,1499,East
T001216,2026-05-22,C145,P002,Mechanical Keyboard,Accessories,11,4499,West
T001217,2026-05-22,C071,P003,USB-C Cable,Accessories,19,499,North
T001218,2026-05-22,C289,P004,Laptop Stand,Accessories,4,1899,South
T001219,2026-05-22,C020,P005,Webcam,Electronics,2,3299,West
T001220,2026-05-22,C149,P006,Bluetooth Speaker,Electronics,8,2499,East
T001221,2026-05-22,C203,P007,Power Bank,Electronics,7,1799,Central
T001222,2026-05-22,C254,P008,Wireless Headphones,Audio,6,3999,North
T001223,2026-05-22,C028,P009,Smart Watch,Wearables,2,5999,South
T001224,2026-05-22,C221,P010,HDMI Cable,Accessories,13,899,Central
T001225,2026-05-22,C174,P011,USB Hub,Accessories,9,1299,East
T001226,2026-05-22,C169,P012,Laptop Backpack,Accessories,2,2299,North
T001227,2026-05-22,C059,P013,Phone Stand,Accessories,12,699,South
T001228,2026-05-22,C216,P014,Portable SSD,Storage,2,6499,West
T001229,2026-05-22,C099,P015,Wireless Charger,Electronics,2,1599,Central
T001230,2026-05-23,C267,P001,Wireless Mouse,Accessories,10,1499,East
T001231,2026-05-23,C136,P002,Mechanical Keyboard,Accessories,10,4499,West
T001232,2026-05-23,C144,P003,USB-C Cable,Accessories,14,499,North
T001233,2026-05-23,C125,P004,Laptop Stand,Accessories,5,1899,South
T001234,2026-05-23,C125,P005,Webcam,Electronics,5,3299,West
T001235,2026-05-23,C236,P006,Bluetooth Speaker,Electronics,2,2499,East
T001236,2026-05-23,C288,P007,Power Bank,Electronics,6,1799,Central
T001237,2026-05-23,C101,P008,Wireless Headphones,Audio,6,3999,North
T001238,2026-05-23,C185,P009,Smart Watch,Wearables,1,5999,South
T001239,2026-05-23,C133,P010,HDMI Cable,Accessories,17,899,Central
T001240,2026-05-23,C245,P011,USB Hub,Accessories,11,1299,East
T001241,2026-05-23,C247,P012,Laptop Backpack,Accessories,7,2299,North
T001242,2026-05-23,C237,P013,Phone Stand,Accessories,15,699,South
T001243,2026-05-23,C223,P014,Portable SSD,Storage,3,6499,West
T001244,2026-05-23,C110,P015,Wireless Charger,Electronics,5,1599,Central
T001245,2026-05-24,C239,P001,Wireless Mouse,Accessories,14,1499,East
T001246,2026-05-24,C074,P002,Mechanical Keyboard,Accessories,4,4499,West
T001247,2026-05-24,C291,P003,USB-C Cable,Accessories,21,499,North
T001248,2026-05-24,C211,P004,Laptop Stand,Accessories,9,1899,South
T001249,2026-05-24,C049,P005,Webcam,Electronics,2,3299,West
T001250,2026-05-24,C036,P006,Bluetooth Speaker,Electronics,7,2499,East
T001251,2026-05-24,C018,P007,Power Bank,Electronics,4,1799,Central
T001252,2026-05-24,C209,P008,Wireless Headphones,Audio,6,3999,North
T001253,2026-05-24,C287,P009,Smart Watch,Wearables,3,5999,South
T001254,2026-05-24,C220,P010,HDMI Cable,Accessories,13,899,Central
T001255,2026-05-24,C095,P011,USB Hub,Accessories,10,1299,East
T001256,2026-05-24,C201,P012,Laptop Backpack,Accessories,5,2299,North
T001257,2026-05-24,C167,P013,Phone Stand,Accessories,11,699,South
T001258,2026-05-24,C150,P014,Portable SSD,Storage,4,6499,West
T001259,2026-05-24,C260,P015,Wireless Charger,Electronics,9,1599,Central
T001260,2026-05-25,C038,P001,Wireless Mouse,Accessories,7,1499,East
T001261,2026-05-25,C224,P002,Mechanical Keyboard,Accessories,5,4499,West
T001262,2026-05-25,C148,P003,USB-C Cable,Accessories,25,499,North
T001263,2026-05-25,C286,P004,Laptop Stand,Accessories,1,1899,South
T001264,2026-05-25,C125,P005,Webcam,Electronics,1,3299,West
T001265,2026-05-25,C292,P006,Bluetooth Speaker,Electronics,7,2499,East
T001266,2026-05-25,C126,P007,Power Bank,Electronics,4,1799,Central
T001267,2026-05-25,C266,P008,Wireless Headphones,Audio,5,3999,North
T001268,2026-05-25,C123,P009,Smart Watch,Wearables,3,5999,South
T001269,2026-05-25,C160,P010,HDMI Cable,Accessories,3,899,Central
T001270,2026-05-25,C199,P011,USB Hub,Accessories,7,1299,East
T001271,2026-05-25,C004,P012,Laptop Backpack,Accessories,1,2299,North
T001272,2026-05-25,C037,P013,Phone Stand,Accessories,13,699,South
T001273,2026-05-25,C059,P014,Portable SSD,Storage,1,6499,West
T001274,2026-05-25,C002,P015,Wireless Charger,Electronics,8,1599,Central
T001275,2026-05-26,C069,P001,Wireless Mouse,Accessories,10,1499,East
T001276,2026-05-26,C036,P002,Mechanical Keyboard,Accessories,3,4499,West
T001277,2026-05-26,C090,P003,USB-C Cable,Accessories,17,499,North
T001278,2026-05-26,C264,P004,Laptop Stand,Accessories,2,1899,South
T001279,2026-05-26,C140,P005,Webcam,Electronics,7,3299,West
T001280,2026-05-26,C064,P006,Bluetooth Speaker,Electronics,8,2499,East
T001281,2026-05-26,C092,P007,Power Bank,Electronics,7,1799,Central
T001282,2026-05-26,C019,P008,Wireless Headphones,Audio,5,3999,North
T001283,2026-05-26,C230,P010,HDMI Cable,Accessories,4,899,Central
T001284,2026-05-26,C025,P011,USB Hub,Accessories,5,1299,East
T001285,2026-05-26,C065,P012,Laptop Backpack,Accessories,2,2299,North
T001286,2026-05-26,C191,P013,Phone Stand,Accessories,9,699,South
T001287,2026-05-26,C226,P014,Portable SSD,Storage,2,6499,West
T001288,2026-05-26,C206,P015,Wireless Charger,Electronics,7,1599,Central
T001289,2026-05-27,C092,P001,Wireless Mouse,Accessories,8,1499,East
T001290,2026-05-27,C015,P002,Mechanical Keyboard,Accessories,5,4499,West
T001291,2026-05-27,C175,P003,USB-C Cable,Accessories,15,499,North
T001292,2026-05-27,C285,P004,Laptop Stand,Accessories,1,1899,South
T001293,2026-05-27,C181,P005,Webcam,Electronics,1,3299,West
T001294,2026-05-27,C012,P006,Bluetooth Speaker,Electronics,6,2499,East
T001295,2026-05-27,C190,P007,Power Bank,Electronics,7,1799,Central
T001296,2026-05-27,C034,P008,Wireless Headphones,Audio,2,3999,North
T001297,2026-05-27,C109,P009,Smart Watch,Wearables,1,5999,South
T001298,2026-05-27,C204,P010,HDMI Cable,Accessories,5,899,Central
T001299,2026-05-27,C278,P011,USB Hub,Accessories,8,1299,East
T001300,2026-05-27,C024,P012,Laptop Backpack,Accessories,2,2299,North
T001301,2026-05-27,C144,P013,Phone Stand,Accessories,8,699,South
T001302,2026-05-27,C215,P014,Portable SSD,Storage,4,6499,West
T001303,2026-05-27,C216,P015,Wireless Charger,Electronics,3,1599,Central
T001304,2026-05-28,C009,P001,Wireless Mouse,Accessories,10,1499,East
T001305,2026-05-28,C255,P002,Mechanical Keyboard,Accessories,7,4499,West
T001306,2026-05-28,C274,P003,USB-C Cable,Accessories,13,499,North
T001307,2026-05-28,C273,P004,Laptop Stand,Accessories,6,1899,South
T001308,2026-05-28,C288,P005,Webcam,Electronics,2,3299,West
T001309,2026-05-28,C093,P006,Bluetooth Speaker,Electronics,5,2499,East
T001310,2026-05-28,C294,P007,Power Bank,Electronics,5,1799,Central
T001311,2026-05-28,C214,P008,Wireless Headphones,Audio,3,3999,North
T001312,2026-05-28,C152,P009,Smart Watch,Wearables,3,5999,South
T001313,2026-05-28,C215,P010,HDMI Cable,Accessories,12,899,Central
T001314,2026-05-28,C055,P011,USB Hub,Accessories,8,1299,East
T001315,2026-05-28,C257,P012,Laptop Backpack,Accessories,5,2299,North
T001316,2026-05-28,C059,P013,Phone Stand,Accessories,13,699,South
T001317,2026-05-28,C230,P014,Portable SSD,Storage,1,6499,West
T001318,2026-05-28,C164,P015,Wireless Charger,Electronics,2,1599,Central
T001319,2026-05-29,C300,P001,Wireless Mouse,Accessories,3,1499,East
T001320,2026-05-29,C223,P002,Mechanical Keyboard,Accessories,4,4499,West
T001321,2026-05-29,C003,P003,USB-C Cable,Accessories,16,499,North
T001322,2026-05-29,C115,P004,Laptop Stand,Accessories,6,1899,South
T001323,2026-05-29,C043,P006,Bluetooth Speaker,Electronics,11,2499,East
T001324,2026-05-29,C203,P007,Power Bank,Electronics,9,1799,Central
T001325,2026-05-29,C054,P008,Wireless Headphones,Audio,6,3999,North
T001326,2026-05-29,C211,P009,Smart Watch,Wearables,2,5999,South
T001327,2026-05-29,C078,P010,HDMI Cable,Accessories,9,899,Central
T001328,2026-05-29,C024,P011,USB Hub,Accessories,8,1299,East
T001329,2026-05-29,C267,P012,Laptop Backpack,Accessories,5,2299,North
T001330,2026-05-29,C097,P013,Phone Stand,Accessories,14,699,South
T001331,2026-05-29,C143,P014,Portable SSD,Storage,3,6499,West
T001332,2026-05-29,C120,P015,Wireless Charger,Electronics,7,1599,Central
T001333,2026-05-30,C083,P001,Wireless Mouse,Accessories,8,1499,East
T001334,2026-05-30,C030,P002,Mechanical Keyboard,Accessories,12,4499,West
T001335,2026-05-30,C035,P003,USB-C Cable,Accessories,17,499,North
T001336,2026-05-30,C175,P004,Laptop Stand,Accessories,2,1899,South
T001337,2026-05-30,C233,P005,Webcam,Electronics,3,3299,West
T001338,2026-05-30,C257,P006,Bluetooth Speaker,Electronics,13,2499,East
T001339,2026-05-30,C009,P007,Power Bank,Electronics,10,1799,Central
T001340,2026-05-30,C202,P008,Wireless Headphones,Audio,9,3999,North
T001341,2026-05-30,C282,P009,Smart Watch,Wearables,3,5999,South
T001342,2026-05-30,C290,P010,HDMI Cable,Accessories,12,899,Central
T001343,2026-05-30,C030,P011,USB Hub,Accessories,11,1299,East
T001344,2026-05-30,C157,P012,Laptop Backpack,Accessories,5,2299,North
T001345,2026-05-30,C238,P013,Phone Stand,Accessories,15,699,South
T001346,2026-05-30,C294,P014,Portable SSD,Storage,3,6499,West
T001347,2026-05-30,C298,P015,Wireless Charger,Electronics,8,1599,Central
T001348,2026-05-31,C202,P001,Wireless Mouse,Accessories,5,1499,East
T001349,2026-05-31,C069,P002,Mechanical Keyboard,Accessories,11,4499,West
T001350,2026-05-31,C151,P003,USB-C Cable,Accessories,14,499,North
T001351,2026-05-31,C130,P004,Laptop Stand,Accessories,6,1899,South
T001352,2026-05-31,C065,P005,Webcam,Electronics,6,3299,West
T001353,2026-05-31,C012,P006,Bluetooth Speaker,Electronics,10,2499,East
T001354,2026-05-31,C128,P007,Power Bank,Electronics,9,1799,Central
T001355,2026-05-31,C110,P008,Wireless Headphones,Audio,2,3999,North
T001356,2026-05-31,C243,P009,Smart Watch,Wearables,3,5999,South
T001357,2026-05-31,C211,P010,HDMI Cable,Accessories,20,899,Central
T001358,2026-05-31,C223,P011,USB Hub,Accessories,13,1299,East
T001359,2026-05-31,C003,P012,Laptop Backpack,Accessories,4,2299,North
T001360,2026-05-31,C128,P013,Phone Stand,Accessories,10,699,South
T001361,2026-05-31,C084,P014,Portable SSD,Storage,2,6499,West
T001362,2026-05-31,C022,P015,Wireless Charger,Electronics,8,1599,Central
T001363,2026-06-01,C036,P001,Wireless Mouse,Accessories,13,1499,East
T001364,2026-06-01,C016,P002,Mechanical Keyboard,Accessories,8,4499,West
T001365,2026-06-01,C040,P003,USB-C Cable,Accessories,10,499,North
T001366,2026-06-01,C170,P004,Laptop Stand,Accessories,3,1899,South
T001367,2026-06-01,C178,P005,Webcam,Electronics,3,3299,West
T001368,2026-06-01,C215,P006,Bluetooth Speaker,Electronics,11,2499,East
T001369,2026-06-01,C287,P007,Power Bank,Electronics,3,1799,Central
T001370,2026-06-01,C064,P008,Wireless Headphones,Audio,5,3999,North
T001371,2026-06-01,C098,P009,Smart Watch,Wearables,2,5999,South
T001372,2026-06-01,C264,P010,HDMI Cable,Accessories,14,899,Central
T001373,2026-06-01,C169,P011,USB Hub,Accessories,9,1299,East
T001374,2026-06-01,C231,P012,Laptop Backpack,Accessories,3,2299,North
T001375,2026-06-01,C010,P013,Phone Stand,Accessories,11,699,South
T001376,2026-06-01,C246,P014,Portable SSD,Storage,5,6499,West
T001377,2026-06-01,C264,P015,Wireless Charger,Electronics,13,1599,Central
T001378,2026-06-02,C052,P001,Wireless Mouse,Accessories,5,1499,East
T001379,2026-06-02,C026,P002,Mechanical Keyboard,Accessories,9,4499,West
T001380,2026-06-02,C298,P003,USB-C Cable,Accessories,19,499,North
T001381,2026-06-02,C166,P004,Laptop Stand,Accessories,9,1899,South
T001382,2026-06-02,C058,P005,Webcam,Electronics,2,3299,West
T001383,2026-06-02,C248,P006,Bluetooth Speaker,Electronics,5,2499,East
T001384,2026-06-02,C191,P007,Power Bank,Electronics,5,1799,Central
T001385,2026-06-02,C280,P008,Wireless Headphones,Audio,3,3999,North
T001386,2026-06-02,C078,P009,Smart Watch,Wearables,2,5999,South
T001387,2026-06-02,C025,P010,HDMI Cable,Accessories,12,899,Central
T001388,2026-06-02,C297,P011,USB Hub,Accessories,5,1299,East
T001389,2026-06-02,C146,P012,Laptop Backpack,Accessories,4,2299,North
T001390,2026-06-02,C216,P013,Phone Stand,Accessories,9,699,South
T001391,2026-06-02,C251,P015,Wireless Charger,Electronics,8,1599,Central
T001392,2026-06-03,C200,P001,Wireless Mouse,Accessories,7,1499,East
T001393,2026-06-03,C147,P002,Mechanical Keyboard,Accessories,5,4499,West
T001394,2026-06-03,C062,P003,USB-C Cable,Accessories,19,499,North
T001395,2026-06-03,C055,P004,Laptop Stand,Accessories,5,1899,South
T001396,2026-06-03,C208,P005,Webcam,Electronics,1,3299,West
T001397,2026-06-03,C235,P006,Bluetooth Speaker,Electronics,7,2499,East
T001398,2026-06-03,C166,P007,Power Bank,Electronics,4,1799,Central
T001399,2026-06-03,C094,P008,Wireless Headphones,Audio,6,3999,North
T001400,2026-06-03,C123,P010,HDMI Cable,Accessories,9,899,Central
T001401,2026-06-03,C134,P011,USB Hub,Accessories,6,1299,East
T001402,2026-06-03,C157,P012,Laptop Backpack,Accessories,8,2299,North
T001403,2026-06-03,C220,P013,Phone Stand,Accessories,9,699,South
T001404,2026-06-03,C226,P014,Portable SSD,Storage,3,6499,West
T001405,2026-06-03,C199,P015,Wireless Charger,Electronics,5,1599,Central
T001406,2026-06-04,C123,P001,Wireless Mouse,Accessories,8,1499,East
T001407,2026-06-04,C167,P002,Mechanical Keyboard,Accessories,3,4499,West
T001408,2026-06-04,C290,P003,USB-C Cable,Accessories,19,499,North
T001409,2026-06-04,C114,P004,Laptop Stand,Accessories,8,1899,South
T001410,2026-06-04,C219,P005,Webcam,Electronics,6,3299,West
T001411,2026-06-04,C251,P006,Bluetooth Speaker,Electronics,5,2499,East
T001412,2026-06-04,C215,P007,Power Bank,Electronics,8,1799,Central
T001413,2026-06-04,C124,P008,Wireless Headphones,Audio,7,3999,North
T001414,2026-06-04,C184,P009,Smart Watch,Wearables,2,5999,South
T001415,2026-06-04,C029,P010,HDMI Cable,Accessories,8,899,Central
T001416,2026-06-04,C108,P011,USB Hub,Accessories,6,1299,East
T001417,2026-06-04,C090,P012,Laptop Backpack,Accessories,7,2299,North
T001418,2026-06-04,C100,P013,Phone Stand,Accessories,15,699,South
T001419,2026-06-04,C208,P014,Portable SSD,Storage,3,6499,West
T001420,2026-06-04,C280,P015,Wireless Charger,Electronics,13,1599,Central
T001421,2026-06-05,C235,P001,Wireless Mouse,Accessories,5,1499,East
T001422,2026-06-05,C228,P002,Mechanical Keyboard,Accessories,2,4499,West
T001423,2026-06-05,C260,P003,USB-C Cable,Accessories,16,499,North
T001424,2026-06-05,C263,P004,Laptop Stand,Accessories,7,1899,South
T001425,2026-06-05,C156,P005,Webcam,Electronics,3,3299,West
T001426,2026-06-05,C124,P006,Bluetooth Speaker,Electronics,5,2499,East
T001427,2026-06-05,C005,P007,Power Bank,Electronics,3,1799,Central
T001428,2026-06-05,C202,P008,Wireless Headphones,Audio,4,3999,North
T001429,2026-06-05,C121,P009,Smart Watch,Wearables,2,5999,South
T001430,2026-06-05,C292,P010,HDMI Cable,Accessories,11,899,Central
T001431,2026-06-05,C025,P011,USB Hub,Accessories,10,1299,East
T001432,2026-06-05,C084,P012,Laptop Backpack,Accessories,4,2299,North
T001433,2026-06-05,C290,P013,Phone Stand,Accessories,11,699,South
T001434,2026-06-05,C229,P014,Portable SSD,Storage,1,6499,West
T001435,2026-06-05,C006,P015,Wireless Charger,Electronics,4,1599,Central
T001436,2026-06-06,C106,P001,Wireless Mouse,Accessories,8,1499,East
T001437,2026-06-06,C116,P002,Mechanical Keyboard,Accessories,11,4499,West
T001438,2026-06-06,C001,P003,USB-C Cable,Accessories,25,499,North
T001439,2026-06-06,C264,P004,Laptop Stand,Accessories,3,1899,South
T001440,2026-06-06,C262,P005,Webcam,Electronics,4,3299,West
T001441,2026-06-06,C120,P006,Bluetooth Speaker,Electronics,15,2499,East
T001442,2026-06-06,C264,P007,Power Bank,Electronics,10,1799,Central
T001443,2026-06-06,C250,P008,Wireless Headphones,Audio,3,3999,North
T001444,2026-06-06,C119,P009,Smart Watch,Wearables,4,5999,South
T001445,2026-06-06,C206,P010,HDMI Cable,Accessories,12,899,Central
T001446,2026-06-06,C056,P011,USB Hub,Accessories,11,1299,East
T001447,2026-06-06,C127,P012,Laptop Backpack,Accessories,4,2299,North
T001448,2026-06-06,C176,P013,Phone Stand,Accessories,12,699,South
T001449,2026-06-06,C220,P014,Portable SSD,Storage,1,6499,West
T001450,2026-06-06,C121,P015,Wireless Charger,Electronics,8,1599,Central
T001451,2026-06-07,C234,P001,Wireless Mouse,Accessories,14,1499,East
T001452,2026-06-07,C047,P002,Mechanical Keyboard,Accessories,7,4499,West
T001453,2026-06-07,C029,P003,USB-C Cable,Accessories,15,499,North
T001454,2026-06-07,C093,P004,Laptop Stand,Accessories,5,1899,South
T001455,2026-06-07,C196,P005,Webcam,Electronics,6,3299,West
T001456,2026-06-07,C278,P006,Bluetooth Speaker,Electronics,12,2499,East
T001457,2026-06-07,C268,P007,Power Bank,Electronics,6,1799,Central
T001458,2026-06-07,C119,P008,Wireless Headphones,Audio,3,3999,North
T001459,2026-06-07,C298,P009,Smart Watch,Wearables,2,5999,South
T001460,2026-06-07,C229,P010,HDMI Cable,Accessories,18,899,Central
T001461,2026-06-07,C253,P011,USB Hub,Accessories,12,1299,East
T001462,2026-06-07,C089,P012,Laptop Backpack,Accessories,5,2299,North
T001463,2026-06-07,C101,P013,Phone Stand,Accessories,13,699,South
T001464,2026-06-07,C284,P014,Portable SSD,Storage,4,6499,West
T001465,2026-06-07,C258,P015,Wireless Charger,Electronics,9,1599,Central
T001466,2026-06-08,C095,P001,Wireless Mouse,Accessories,5,1499,East
T001467,2026-06-08,C019,P002,Mechanical Keyboard,Accessories,7,4499,West
T001468,2026-06-08,C227,P003,USB-C Cable,Accessories,5,499,North
T001469,2026-06-08,C014,P004,Laptop Stand,Accessories,7,1899,South
T001470,2026-06-08,C147,P005,Webcam,Electronics,7,3299,West
T001471,2026-06-08,C180,P006,Bluetooth Speaker,Electronics,17,2499,East
T001472,2026-06-08,C099,P007,Power Bank,Electronics,7,1799,Central
T001473,2026-06-08,C027,P008,Wireless Headphones,Audio,5,3999,North
T001474,2026-06-08,C212,P010,HDMI Cable,Accessories,7,899,Central
T001475,2026-06-08,C057,P011,USB Hub,Accessories,7,1299,East
T001476,2026-06-08,C171,P012,Laptop Backpack,Accessories,6,2299,North
T001477,2026-06-08,C189,P013,Phone Stand,Accessories,13,699,South
T001478,2026-06-08,C133,P014,Portable SSD,Storage,4,6499,West
T001479,2026-06-08,C062,P015,Wireless Charger,Electronics,5,1599,Central
T001480,2026-06-09,C072,P001,Wireless Mouse,Accessories,8,1499,East
T001481,2026-06-09,C157,P002,Mechanical Keyboard,Accessories,5,4499,West
T001482,2026-06-09,C270,P003,USB-C Cable,Accessories,19,499,North
T001483,2026-06-09,C290,P004,Laptop Stand,Accessories,4,1899,South
T001484,2026-06-09,C081,P005,Webcam,Electronics,3,3299,West
T001485,2026-06-09,C162,P006,Bluetooth Speaker,Electronics,5,2499,East
T001486,2026-06-09,C297,P007,Power Bank,Electronics,9,1799,Central
T001487,2026-06-09,C249,P008,Wireless Headphones,Audio,5,3999,North
T001488,2026-06-09,C276,P009,Smart Watch,Wearables,2,5999,South
T001489,2026-06-09,C259,P010,HDMI Cable,Accessories,16,899,Central
T001490,2026-06-09,C155,P011,USB Hub,Accessories,9,1299,East
T001491,2026-06-09,C074,P012,Laptop Backpack,Accessories,6,2299,North
T001492,2026-06-09,C087,P013,Phone Stand,Accessories,6,699,South
T001493,2026-06-09,C039,P014,Portable SSD,Storage,1,6499,West
T001494,2026-06-09,C210,P015,Wireless Charger,Electronics,5,1599,Central
T001495,2026-06-10,C192,P001,Wireless Mouse,Accessories,11,1499,East
T001496,2026-06-10,C043,P002,Mechanical Keyboard,Accessories,7,4499,West
T001497,2026-06-10,C216,P003,USB-C Cable,Accessories,17,499,North
T001498,2026-06-10,C027,P004,Laptop Stand,Accessories,3,1899,South
T001499,2026-06-10,C062,P005,Webcam,Electronics,2,3299,West
T001500,2026-06-10,C283,P006,Bluetooth Speaker,Electronics,7,2499,East
T001501,2026-06-10,C049,P007,Power Bank,Electronics,8,1799,Central
T001502,2026-06-10,C099,P008,Wireless Headphones,Audio,5,3999,North
T001503,2026-06-10,C029,P009,Smart Watch,Wearables,1,5999,South
T001504,2026-06-10,C211,P010,HDMI Cable,Accessories,6,899,Central
T001505,2026-06-10,C102,P011,USB Hub,Accessories,1,1299,East
T001506,2026-06-10,C193,P012,Laptop Backpack,Accessories,9,2299,North
T001507,2026-06-10,C198,P013,Phone Stand,Accessories,9,699,South
T001508,2026-06-10,C197,P014,Portable SSD,Storage,1,6499,West
T001509,2026-06-10,C214,P015,Wireless Charger,Electronics,5,1599,Central
T001510,2026-06-11,C287,P001,Wireless Mouse,Accessories,7,1499,East
T001511,2026-06-11,C260,P002,Mechanical Keyboard,Accessories,3,4499,West
T001512,2026-06-11,C112,P003,USB-C Cable,Accessories,10,499,North
T001513,2026-06-11,C050,P004,Laptop Stand,Accessories,5,1899,South
T001514,2026-06-11,C059,P005,Webcam,Electronics,3,3299,West
T001515,2026-06-11,C196,P006,Bluetooth Speaker,Electronics,5,2499,East
T001516,2026-06-11,C088,P007,Power Bank,Electronics,5,1799,Central
T001517,2026-06-11,C255,P008,Wireless Headphones,Audio,5,3999,North
T001518,2026-06-11,C004,P009,Smart Watch,Wearables,2,5999,South
T001519,2026-06-11,C235,P010,HDMI Cable,Accessories,8,899,Central
T001520,2026-06-11,C087,P011,USB Hub,Accessories,8,1299,East
T001521,2026-06-11,C175,P012,Laptop Backpack,Accessories,3,2299,North
T001522,2026-06-11,C025,P013,Phone Stand,Accessories,10,699,South
T001523,2026-06-11,C282,P014,Portable SSD,Storage,2,6499,West
T001524,2026-06-11,C016,P015,Wireless Charger,Electronics,5,1599,Central
T001525,2026-06-12,C169,P001,Wireless Mouse,Accessories,3,1499,East
T001526,2026-06-12,C108,P002,Mechanical Keyboard,Accessories,11,4499,West
T001527,2026-06-12,C246,P003,USB-C Cable,Accessories,20,499,North
T001528,2026-06-12,C052,P004,Laptop Stand,Accessories,3,1899,South
T001529,2026-06-12,C083,P005,Webcam,Electronics,1,3299,West
T001530,2026-06-12,C247,P006,Bluetooth Speaker,Electronics,4,2499,East
T001531,2026-06-12,C126,P007,Power Bank,Electronics,10,1799,Central
T001532,2026-06-12,C055,P008,Wireless Headphones,Audio,4,3999,North
T001533,2026-06-12,C027,P009,Smart Watch,Wearables,1,5999,South
T001534,2026-06-12,C228,P010,HDMI Cable,Accessories,14,899,Central
T001535,2026-06-12,C104,P011,USB Hub,Accessories,12,1299,East
T001536,2026-06-12,C067,P012,Laptop Backpack,Accessories,8,2299,North
T001537,2026-06-12,C072,P013,Phone Stand,Accessories,6,699,South
T001538,2026-06-12,C056,P014,Portable SSD,Storage,6,6499,West
T001539,2026-06-12,C258,P015,Wireless Charger,Electronics,5,1599,Central
T001540,2026-06-13,C051,P001,Wireless Mouse,Accessories,9,1499,East
T001541,2026-06-13,C156,P002,Mechanical Keyboard,Accessories,9,4499,West
T001542,2026-06-13,C247,P003,USB-C Cable,Accessories,19,499,North
T001543,2026-06-13,C215,P004,Laptop Stand,Accessories,6,1899,South
T001544,2026-06-13,C287,P005,Webcam,Electronics,5,3299,West
T001545,2026-06-13,C046,P006,Bluetooth Speaker,Electronics,11,2499,East
T001546,2026-06-13,C300,P007,Power Bank,Electronics,7,1799,Central
T001547,2026-06-13,C119,P008,Wireless Headphones,Audio,5,3999,North
T001548,2026-06-13,C256,P010,HDMI Cable,Accessories,13,899,Central
T001549,2026-06-13,C262,P011,USB Hub,Accessories,8,1299,East
T001550,2026-06-13,C140,P012,Laptop Backpack,Accessories,9,2299,North
T001551,2026-06-13,C204,P013,Phone Stand,Accessories,9,699,South
T001552,2026-06-13,C048,P014,Portable SSD,Storage,5,6499,West
T001553,2026-06-13,C210,P015,Wireless Charger,Electronics,8,1599,Central
T001554,2026-06-14,C206,P001,Wireless Mouse,Accessories,9,1499,East
T001555,2026-06-14,C174,P002,Mechanical Keyboard,Accessories,9,4499,West
T001556,2026-06-14,C239,P003,USB-C Cable,Accessories,20,499,North
T001557,2026-06-14,C205,P004,Laptop Stand,Accessories,4,1899,South
T001558,2026-06-14,C266,P005,Webcam,Electronics,8,3299,West
T001559,2026-06-14,C191,P006,Bluetooth Speaker,Electronics,5,2499,East
T001560,2026-06-14,C271,P007,Power Bank,Electronics,9,1799,Central
T001561,2026-06-14,C220,P008,Wireless Headphones,Audio,3,3999,North
T001562,2026-06-14,C187,P009,Smart Watch,Wearables,5,5999,South
T001563,2026-06-14,C069,P010,HDMI Cable,Accessories,17,899,Central
T001564,2026-06-14,C269,P011,USB Hub,Accessories,11,1299,East
T001565,2026-06-14,C191,P012,Laptop Backpack,Accessories,5,2299,North
T001566,2026-06-14,C250,P013,Phone Stand,Accessories,5,699,South
T001567,2026-06-14,C173,P014,Portable SSD,Storage,1,6499,West
T001568,2026-06-14,C217,P015,Wireless Charger,Electronics,12,1599,Central
T001569,2026-06-15,C193,P001,Wireless Mouse,Accessories,10,1499,East
T001570,2026-06-15,C095,P002,Mechanical Keyboard,Accessories,7,4499,West
T001571,2026-06-15,C229,P003,USB-C Cable,Accessories,12,499,North
T001572,2026-06-15,C195,P004,Laptop Stand,Accessories,3,1899,South
T001573,2026-06-15,C216,P005,Webcam,Electronics,4,3299,West
T001574,2026-06-15,C148,P006,Bluetooth Speaker,Electronics,4,2499,East
T001575,2026-06-15,C119,P007,Power Bank,Electronics,7,1799,Central
T001576,2026-06-15,C203,P008,Wireless Headphones,Audio,1,3999,North
T001577,2026-06-15,C255,P009,Smart Watch,Wearables,1,5999,South
T001578,2026-06-15,C089,P010,HDMI Cable,Accessories,7,899,Central
T001579,2026-06-15,C142,P011,USB Hub,Accessories,7,1299,East
T001580,2026-06-15,C029,P012,Laptop Backpack,Accessories,6,2299,North
T001581,2026-06-15,C233,P013,Phone Stand,Accessories,12,699,South
T001582,2026-06-15,C289,P014,Portable SSD,Storage,2,6499,West
T001583,2026-06-15,C221,P015,Wireless Charger,Electronics,9,1599,Central
T001584,2026-06-16,C160,P001,Wireless Mouse,Accessories,8,1499,East
T001585,2026-06-16,C293,P002,Mechanical Keyboard,Accessories,3,4499,West
T001586,2026-06-16,C275,P003,USB-C Cable,Accessories,15,499,North
T001587,2026-06-16,C011,P004,Laptop Stand,Accessories,7,1899,South
T001588,2026-06-16,C213,P005,Webcam,Electronics,2,3299,West
T001589,2026-06-16,C175,P006,Bluetooth Speaker,Electronics,4,2499,East
T001590,2026-06-16,C232,P007,Power Bank,Electronics,6,1799,Central
T001591,2026-06-16,C150,P008,Wireless Headphones,Audio,2,3999,North
T001592,2026-06-16,C065,P009,Smart Watch,Wearables,2,5999,South
T001593,2026-06-16,C295,P010,HDMI Cable,Accessories,10,899,Central
T001594,2026-06-16,C207,P011,USB Hub,Accessories,8,1299,East
T001595,2026-06-16,C284,P013,Phone Stand,Accessories,10,699,South
T001596,2026-06-16,C029,P014,Portable SSD,Storage,2,6499,West
T001597,2026-06-16,C251,P015,Wireless Charger,Electronics,10,1599,Central
T001598,2026-06-17,C272,P001,Wireless Mouse,Accessories,6,1499,East
T001599,2026-06-17,C236,P002,Mechanical Keyboard,Accessories,9,4499,West
T001600,2026-06-17,C167,P003,USB-C Cable,Accessories,15,499,North
T001601,2026-06-17,C056,P004,Laptop Stand,Accessories,5,1899,South
T001602,2026-06-17,C177,P005,Webcam,Electronics,1,3299,West
T001603,2026-06-17,C057,P006,Bluetooth Speaker,Electronics,11,2499,East
T001604,2026-06-17,C185,P007,Power Bank,Electronics,5,1799,Central
T001605,2026-06-17,C059,P008,Wireless Headphones,Audio,5,3999,North
T001606,2026-06-17,C190,P009,Smart Watch,Wearables,1,5999,South
T001607,2026-06-17,C235,P010,HDMI Cable,Accessories,9,899,Central
T001608,2026-06-17,C230,P011,USB Hub,Accessories,5,1299,East
T001609,2026-06-17,C128,P012,Laptop Backpack,Accessories,2,2299,North
T001610,2026-06-17,C216,P013,Phone Stand,Accessories,6,699,South
T001611,2026-06-17,C024,P015,Wireless Charger,Electronics,11,1599,Central
T001612,2026-06-18,C184,P001,Wireless Mouse,Accessories,10,1499,East
T001613,2026-06-18,C193,P002,Mechanical Keyboard,Accessories,6,4499,West
T001614,2026-06-18,C011,P003,USB-C Cable,Accessories,26,499,North
T001615,2026-06-18,C181,P004,Laptop Stand,Accessories,2,1899,South
T001616,2026-06-18,C005,P005,Webcam,Electronics,1,3299,West
T001617,2026-06-18,C293,P006,Bluetooth Speaker,Electronics,4,2499,East
T001618,2026-06-18,C153,P007,Power Bank,Electronics,11,1799,Central
T001619,2026-06-18,C017,P008,Wireless Headphones,Audio,4,3999,North
T001620,2026-06-18,C037,P009,Smart Watch,Wearables,2,5999,South
T001621,2026-06-18,C046,P010,HDMI Cable,Accessories,16,899,Central
T001622,2026-06-18,C174,P011,USB Hub,Accessories,11,1299,East
T001623,2026-06-18,C206,P012,Laptop Backpack,Accessories,3,2299,North
T001624,2026-06-18,C297,P013,Phone Stand,Accessories,13,699,South
T001625,2026-06-18,C165,P014,Portable SSD,Storage,3,6499,West
T001626,2026-06-18,C151,P015,Wireless Charger,Electronics,8,1599,Central
T001627,2026-06-19,C052,P001,Wireless Mouse,Accessories,5,1499,East
T001628,2026-06-19,C118,P002,Mechanical Keyboard,Accessories,4,4499,West
T001629,2026-06-19,C123,P003,USB-C Cable,Accessories,18,499,North
T001630,2026-06-19,C165,P004,Laptop Stand,Accessories,3,1899,South
T001631,2026-06-19,C048,P005,Webcam,Electronics,2,3299,West
T001632,2026-06-19,C065,P006,Bluetooth Speaker,Electronics,5,2499,East
T001633,2026-06-19,C287,P007,Power Bank,Electronics,8,1799,Central
T001634,2026-06-19,C092,P008,Wireless Headphones,Audio,4,3999,North
T001635,2026-06-19,C287,P009,Smart Watch,Wearables,1,5999,South
T001636,2026-06-19,C059,P010,HDMI Cable,Accessories,10,899,Central
T001637,2026-06-19,C164,P011,USB Hub,Accessories,4,1299,East
T001638,2026-06-19,C237,P012,Laptop Backpack,Accessories,9,2299,North
T001639,2026-06-19,C060,P013,Phone Stand,Accessories,9,699,South
T001640,2026-06-19,C051,P014,Portable SSD,Storage,1,6499,West
T001641,2026-06-19,C248,P015,Wireless Charger,Electronics,9,1599,Central
T001642,2026-06-20,C170,P001,Wireless Mouse,Accessories,13,1499,East
T001643,2026-06-20,C177,P002,Mechanical Keyboard,Accessories,7,4499,West
T001644,2026-06-20,C050,P003,USB-C Cable,Accessories,31,499,North
T001645,2026-06-20,C174,P004,Laptop Stand,Accessories,7,1899,South
T001646,2026-06-20,C213,P005,Webcam,Electronics,4,3299,West
T001647,2026-06-20,C249,P006,Bluetooth Speaker,Electronics,7,2499,East
T001648,2026-06-20,C043,P007,Power Bank,Electronics,8,1799,Central
T001649,2026-06-20,C274,P008,Wireless Headphones,Audio,5,3999,North
T001650,2026-06-20,C028,P009,Smart Watch,Wearables,2,5999,South
T001651,2026-06-20,C021,P010,HDMI Cable,Accessories,10,899,Central
T001652,2026-06-20,C140,P011,USB Hub,Accessories,11,1299,East
T001653,2026-06-20,C219,P012,Laptop Backpack,Accessories,7,2299,North
T001654,2026-06-20,C133,P013,Phone Stand,Accessories,13,699,South
T001655,2026-06-20,C075,P015,Wireless Charger,Electronics,10,1599,Central
T001656,2026-06-21,C094,P001,Wireless Mouse,Accessories,15,1499,East
T001657,2026-06-21,C274,P002,Mechanical Keyboard,Accessories,6,4499,West
T001658,2026-06-21,C003,P003,USB-C Cable,Accessories,24,499,North
T001659,2026-06-21,C014,P004,Laptop Stand,Accessories,3,1899,South
T001660,2026-06-21,C102,P005,Webcam,Electronics,2,3299,West
T001661,2026-06-21,C227,P006,Bluetooth Speaker,Electronics,9,2499,East
T001662,2026-06-21,C161,P007,Power Bank,Electronics,4,1799,Central
T001663,2026-06-21,C033,P008,Wireless Headphones,Audio,9,3999,North
T001664,2026-06-21,C224,P009,Smart Watch,Wearables,4,5999,South
T001665,2026-06-21,C199,P010,HDMI Cable,Accessories,23,899,Central
T001666,2026-06-21,C068,P011,USB Hub,Accessories,8,1299,East
T001667,2026-06-21,C263,P012,Laptop Backpack,Accessories,11,2299,North
T001668,2026-06-21,C289,P013,Phone Stand,Accessories,10,699,South
T001669,2026-06-21,C178,P014,Portable SSD,Storage,2,6499,West
T001670,2026-06-21,C020,P015,Wireless Charger,Electronics,10,1599,Central
T001671,2026-06-22,C269,P001,Wireless Mouse,Accessories,9,1499,East
T001672,2026-06-22,C251,P002,Mechanical Keyboard,Accessories,9,4499,West
T001673,2026-06-22,C067,P003,USB-C Cable,Accessories,22,499,North
T001674,2026-06-22,C200,P004,Laptop Stand,Accessories,2,1899,South
T001675,2026-06-22,C019,P005,Webcam,Electronics,2,3299,West
T001676,2026-06-22,C094,P006,Bluetooth Speaker,Electronics,4,2499,East
T001677,2026-06-22,C126,P007,Power Bank,Electronics,8,1799,Central
T001678,2026-06-22,C292,P008,Wireless Headphones,Audio,3,3999,North
T001679,2026-06-22,C046,P009,Smart Watch,Wearables,2,5999,South
T001680,2026-06-22,C057,P010,HDMI Cable,Accessories,10,899,Central
T001681,2026-06-22,C004,P011,USB Hub,Accessories,11,1299,East
T001682,2026-06-22,C074,P012,Laptop Backpack,Accessories,2,2299,North
T001683,2026-06-22,C025,P013,Phone Stand,Accessories,9,699,South
T001684,2026-06-22,C023,P014,Portable SSD,Storage,3,6499,West
T001685,2026-06-22,C017,P015,Wireless Charger,Electronics,8,1599,Central
T001686,2026-06-23,C202,P001,Wireless Mouse,Accessories,5,1499,East
T001687,2026-06-23,C110,P002,Mechanical Keyboard,Accessories,5,4499,West
T001688,2026-06-23,C079,P003,USB-C Cable,Accessories,22,499,North
T001689,2026-06-23,C096,P004,Laptop Stand,Accessories,6,1899,South
T001690,2026-06-23,C069,P005,Webcam,Electronics,4,3299,West
T001691,2026-06-23,C238,P006,Bluetooth Speaker,Electronics,11,2499,East
T001692,2026-06-23,C162,P007,Power Bank,Electronics,10,1799,Central
T001693,2026-06-23,C206,P008,Wireless Headphones,Audio,9,3999,North
T001694,2026-06-23,C063,P009,Smart Watch,Wearables,2,5999,South
T001695,2026-06-23,C147,P010,HDMI Cable,Accessories,10,899,Central
T001696,2026-06-23,C020,P011,USB Hub,Accessories,10,1299,East
T001697,2026-06-23,C158,P012,Laptop Backpack,Accessories,7,2299,North
T001698,2026-06-23,C269,P013,Phone Stand,Accessories,15,699,South
T001699,2026-06-23,C290,P014,Portable SSD,Storage,1,6499,West
T001700,2026-06-23,C295,P015,Wireless Charger,Electronics,8,1599,Central
T001701,2026-06-24,C081,P001,Wireless Mouse,Accessories,8,1499,East
T001702,2026-06-24,C043,P002,Mechanical Keyboard,Accessories,6,4499,West
T001703,2026-06-24,C049,P003,USB-C Cable,Accessories,17,499,North
T001704,2026-06-24,C072,P004,Laptop Stand,Accessories,8,1899,South
T001705,2026-06-24,C149,P005,Webcam,Electronics,2,3299,West
T001706,2026-06-24,C128,P006,Bluetooth Speaker,Electronics,7,2499,East
T001707,2026-06-24,C243,P007,Power Bank,Electronics,4,1799,Central
T001708,2026-06-24,C224,P008,Wireless Headphones,Audio,3,3999,North
T001709,2026-06-24,C042,P009,Smart Watch,Wearables,1,5999,South
T001710,2026-06-24,C123,P010,HDMI Cable,Accessories,12,899,Central
T001711,2026-06-24,C106,P011,USB Hub,Accessories,9,1299,East
T001712,2026-06-24,C113,P012,Laptop Backpack,Accessories,3,2299,North
T001713,2026-06-24,C259,P013,Phone Stand,Accessories,8,699,South
T001714,2026-06-24,C105,P014,Portable SSD,Storage,3,6499,West
T001715,2026-06-24,C135,P015,Wireless Charger,Electronics,6,1599,Central
T001716,2026-06-25,C088,P001,Wireless Mouse,Accessories,8,1499,East
T001717,2026-06-25,C219,P002,Mechanical Keyboard,Accessories,1,4499,West
T001718,2026-06-25,C216,P003,USB-C Cable,Accessories,15,499,North
T001719,2026-06-25,C182,P004,Laptop Stand,Accessories,5,1899,South
T001720,2026-06-25,C087,P005,Webcam,Electronics,2,3299,West
T001721,2026-06-25,C061,P006,Bluetooth Speaker,Electronics,4,2499,East
T001722,2026-06-25,C139,P007,Power Bank,Electronics,8,1799,Central
T001723,2026-06-25,C105,P008,Wireless Headphones,Audio,9,3999,North
T001724,2026-06-25,C034,P009,Smart Watch,Wearables,4,5999,South
T001725,2026-06-25,C062,P010,HDMI Cable,Accessories,9,899,Central
T001726,2026-06-25,C252,P011,USB Hub,Accessories,11,1299,East
T001727,2026-06-25,C094,P012,Laptop Backpack,Accessories,8,2299,North
T001728,2026-06-25,C293,P013,Phone Stand,Accessories,7,699,South
T001729,2026-06-25,C227,P014,Portable SSD,Storage,5,6499,West
T001730,2026-06-25,C111,P015,Wireless Charger,Electronics,7,1599,Central
T001731,2026-06-26,C291,P001,Wireless Mouse,Accessories,9,1499,East
T001732,2026-06-26,C165,P002,Mechanical Keyboard,Accessories,11,4499,West
T001733,2026-06-26,C099,P003,USB-C Cable,Accessories,13,499,North
T001734,2026-06-26,C080,P004,Laptop Stand,Accessories,6,1899,South
T001735,2026-06-26,C022,P005,Webcam,Electronics,5,3299,West
T001736,2026-06-26,C288,P006,Bluetooth Speaker,Electronics,7,2499,East
T001737,2026-06-26,C154,P007,Power Bank,Electronics,8,1799,Central
T001738,2026-06-26,C257,P008,Wireless Headphones,Audio,9,3999,North
T001739,2026-06-26,C267,P009,Smart Watch,Wearables,4,5999,South
T001740,2026-06-26,C219,P010,HDMI Cable,Accessories,13,899,Central
T001741,2026-06-26,C203,P011,USB Hub,Accessories,6,1299,East
T001742,2026-06-26,C241,P012,Laptop Backpack,Accessories,4,2299,North
T001743,2026-06-26,C022,P013,Phone Stand,Accessories,7,699,South
T001744,2026-06-26,C006,P014,Portable SSD,Storage,3,6499,West
T001745,2026-06-26,C145,P015,Wireless Charger,Electronics,9,1599,Central
T001746,2026-06-27,C269,P001,Wireless Mouse,Accessories,10,1499,East
T001747,2026-06-27,C033,P002,Mechanical Keyboard,Accessories,8,4499,West
T001748,2026-06-27,C101,P003,USB-C Cable,Accessories,31,499,North
T001749,2026-06-27,C260,P004,Laptop Stand,Accessories,11,1899,South
T001750,2026-06-27,C281,P005,Webcam,Electronics,4,3299,West
T001751,2026-06-27,C225,P006,Bluetooth Speaker,Electronics,7,2499,East
T001752,2026-06-27,C157,P007,Power Bank,Electronics,7,1799,Central
T001753,2026-06-27,C096,P008,Wireless Headphones,Audio,5,3999,North
T001754,2026-06-27,C246,P009,Smart Watch,Wearables,6,5999,South
T001755,2026-06-27,C098,P010,HDMI Cable,Accessories,17,899,Central
T001756,2026-06-27,C062,P011,USB Hub,Accessories,4,1299,East
T001757,2026-06-27,C059,P012,Laptop Backpack,Accessories,8,2299,North
T001758,2026-06-27,C033,P013,Phone Stand,Accessories,11,699,South
T001759,2026-06-27,C165,P014,Portable SSD,Storage,3,6499,West
T001760,2026-06-27,C293,P015,Wireless Charger,Electronics,14,1599,Central
T001761,2026-06-28,C232,P001,Wireless Mouse,Accessories,6,1499,East
T001762,2026-06-28,C286,P002,Mechanical Keyboard,Accessories,10,4499,West
T001763,2026-06-28,C286,P003,USB-C Cable,Accessories,18,499,North
T001764,2026-06-28,C105,P004,Laptop Stand,Accessories,4,1899,South
T001765,2026-06-28,C131,P005,Webcam,Electronics,5,3299,West
T001766,2026-06-28,C061,P006,Bluetooth Speaker,Electronics,9,2499,East
T001767,2026-06-28,C202,P007,Power Bank,Electronics,10,1799,Central
T001768,2026-06-28,C280,P008,Wireless Headphones,Audio,6,3999,North
T001769,2026-06-28,C154,P009,Smart Watch,Wearables,1,5999,South
T001770,2026-06-28,C105,P010,HDMI Cable,Accessories,11,899,Central
T001771,2026-06-28,C182,P011,USB Hub,Accessories,9,1299,East
T001772,2026-06-28,C034,P012,Laptop Backpack,Accessories,7,2299,North
T001773,2026-06-28,C153,P013,Phone Stand,Accessories,7,699,South
T001774,2026-06-28,C042,P014,Portable SSD,Storage,1,6499,West
T001775,2026-06-28,C194,P015,Wireless Charger,Electronics,11,1599,Central
T001776,2026-06-29,C253,P001,Wireless Mouse,Accessories,13,1499,East
T001777,2026-06-29,C152,P002,Mechanical Keyboard,Accessories,2,4499,West
T001778,2026-06-29,C207,P003,USB-C Cable,Accessories,16,499,North
T001779,2026-06-29,C288,P004,Laptop Stand,Accessories,7,1899,South
T001780,2026-06-29,C043,P005,Webcam,Electronics,6,3299,West
T001781,2026-06-29,C184,P006,Bluetooth Speaker,Electronics,8,2499,East
T001782,2026-06-29,C043,P007,Power Bank,Electronics,9,1799,Central
T001783,2026-06-29,C005,P008,Wireless Headphones,Audio,6,3999,North
T001784,2026-06-29,C299,P009,Smart Watch,Wearables,2,5999,South
T001785,2026-06-29,C141,P010,HDMI Cable,Accessories,13,899,Central
T001786,2026-06-29,C193,P011,USB Hub,Accessories,7,1299,East
T001787,2026-06-29,C132,P012,Laptop Backpack,Accessories,9,2299,North
T001788,2026-06-29,C095,P013,Phone Stand,Accessories,11,699,South
T001789,2026-06-29,C287,P014,Portable SSD,Storage,2,6499,West
T001790,2026-06-29,C107,P015,Wireless Charger,Electronics,5,1599,Central
T001791,2026-06-30,C001,P001,Wireless Mouse,Accessories,13,1499,East
T001792,2026-06-30,C040,P002,Mechanical Keyboard,Accessories,6,4499,West
T001793,2026-06-30,C169,P003,USB-C Cable,Accessories,17,499,North
T001794,2026-06-30,C009,P004,Laptop Stand,Accessories,4,1899,South
T001795,2026-06-30,C225,P005,Webcam,Electronics,9,3299,West
T001796,2026-06-30,C058,P006,Bluetooth Speaker,Electronics,4,2499,East
T001797,2026-06-30,C146,P007,Power Bank,Electronics,3,1799,Central
T001798,2026-06-30,C036,P008,Wireless Headphones,Audio,1,3999,North
T001799,2026-06-30,C007,P009,Smart Watch,Wearables,2,5999,South
T001800,2026-06-30,C239,P010,HDMI Cable,Accessories,13,899,Central
T001801,2026-06-30,C277,P011,USB Hub,Accessories,7,1299,East
T001802,2026-06-30,C043,P012,Laptop Backpack,Accessories,4,2299,North
T001803,2026-06-30,C275,P013,Phone Stand,Accessories,11,699,South
T001804,2026-06-30,C241,P014,Portable SSD,Storage,4,6499,West
T001805,2026-06-30,C204,P015,Wireless Charger,Electronics,9,1599,Central
T001806,2026-07-01,C149,P001,Wireless Mouse,Accessories,10,1499,East
T001807,2026-07-01,C266,P002,Mechanical Keyboard,Accessories,8,4499,West
T001808,2026-07-01,C197,P003,USB-C Cable,Accessories,27,499,North
T001809,2026-07-01,C131,P004,Laptop Stand,Accessories,4,1899,South
T001810,2026-07-01,C056,P005,Webcam,Electronics,4,3299,West
T001811,2026-07-01,C232,P006,Bluetooth Speaker,Electronics,4,2499,East
T001812,2026-07-01,C045,P007,Power Bank,Electronics,7,1799,Central
T001813,2026-07-01,C130,P008,Wireless Headphones,Audio,11,3999,North
T001814,2026-07-01,C084,P010,HDMI Cable,Accessories,11,899,Central
T001815,2026-07-01,C278,P011,USB Hub,Accessories,7,1299,East
T001816,2026-07-01,C163,P012,Laptop Backpack,Accessories,4,2299,North
T001817,2026-07-01,C074,P013,Phone Stand,Accessories,5,699,South
T001818,2026-07-01,C025,P014,Portable SSD,Storage,1,6499,West
T001819,2026-07-01,C169,P015,Wireless Charger,Electronics,8,1599,Central
T001820,2026-07-02,C017,P001,Wireless Mouse,Accessories,6,1499,East
T001821,2026-07-02,C052,P002,Mechanical Keyboard,Accessories,3,4499,West
T001822,2026-07-02,C097,P003,USB-C Cable,Accessories,15,499,North
T001823,2026-07-02,C293,P004,Laptop Stand,Accessories,8,1899,South
T001824,2026-07-02,C220,P005,Webcam,Electronics,5,3299,West
T001825,2026-07-02,C284,P006,Bluetooth Speaker,Electronics,2,2499,East
T001826,2026-07-02,C160,P008,Wireless Headphones,Audio,4,3999,North
T001827,2026-07-02,C111,P009,Smart Watch,Wearables,3,5999,South
T001828,2026-07-02,C112,P010,HDMI Cable,Accessories,8,899,Central
T001829,2026-07-02,C162,P011,USB Hub,Accessories,2,1299,East
T001830,2026-07-02,C230,P012,Laptop Backpack,Accessories,4,2299,North
T001831,2026-07-02,C254,P013,Phone Stand,Accessories,12,699,South
T001832,2026-07-02,C229,P014,Portable SSD,Storage,3,6499,West
T001833,2026-07-02,C042,P015,Wireless Charger,Electronics,3,1599,Central
T001834,2026-07-03,C192,P001,Wireless Mouse,Accessories,6,1499,East
T001835,2026-07-03,C034,P002,Mechanical Keyboard,Accessories,9,4499,West
T001836,2026-07-03,C055,P003,USB-C Cable,Accessories,11,499,North
T001837,2026-07-03,C187,P004,Laptop Stand,Accessories,3,1899,South
T001838,2026-07-03,C243,P005,Webcam,Electronics,3,3299,West
T001839,2026-07-03,C223,P006,Bluetooth Speaker,Electronics,11,2499,East
T001840,2026-07-03,C002,P007,Power Bank,Electronics,9,1799,Central
T001841,2026-07-03,C268,P008,Wireless Headphones,Audio,7,3999,North
T001842,2026-07-03,C037,P009,Smart Watch,Wearables,4,5999,South
T001843,2026-07-03,C128,P010,HDMI Cable,Accessories,9,899,Central
T001844,2026-07-03,C055,P011,USB Hub,Accessories,13,1299,East
T001845,2026-07-03,C248,P012,Laptop Backpack,Accessories,7,2299,North
T001846,2026-07-03,C264,P013,Phone Stand,Accessories,6,699,South
T001847,2026-07-03,C141,P014,Portable SSD,Storage,3,6499,West
T001848,2026-07-03,C224,P015,Wireless Charger,Electronics,7,1599,Central
T001849,2026-07-04,C284,P001,Wireless Mouse,Accessories,13,1499,East
T001850,2026-07-04,C298,P002,Mechanical Keyboard,Accessories,7,4499,West
T001851,2026-07-04,C069,P003,USB-C Cable,Accessories,26,499,North
T001852,2026-07-04,C088,P004,Laptop Stand,Accessories,5,1899,South
T001853,2026-07-04,C095,P005,Webcam,Electronics,6,3299,West
T001854,2026-07-04,C092,P006,Bluetooth Speaker,Electronics,7,2499,East
T001855,2026-07-04,C189,P007,Power Bank,Electronics,1,1799,Central
T001856,2026-07-04,C285,P008,Wireless Headphones,Audio,8,3999,North
T001857,2026-07-04,C280,P009,Smart Watch,Wearables,4,5999,South
T001858,2026-07-04,C206,P010,HDMI Cable,Accessories,12,899,Central
T001859,2026-07-04,C111,P011,USB Hub,Accessories,15,1299,East
T001860,2026-07-04,C082,P012,Laptop Backpack,Accessories,8,2299,North
T001861,2026-07-04,C027,P013,Phone Stand,Accessories,15,699,South
T001862,2026-07-04,C003,P014,Portable SSD,Storage,1,6499,West
T001863,2026-07-04,C035,P015,Wireless Charger,Electronics,10,1599,Central
T001864,2026-07-05,C181,P001,Wireless Mouse,Accessories,19,1499,East
T001865,2026-07-05,C118,P002,Mechanical Keyboard,Accessories,4,4499,West
T001866,2026-07-05,C004,P003,USB-C Cable,Accessories,29,499,North
T001867,2026-07-05,C067,P004,Laptop Stand,Accessories,3,1899,South
T001868,2026-07-05,C055,P005,Webcam,Electronics,4,3299,West
T001869,2026-07-05,C274,P006,Bluetooth Speaker,Electronics,12,2499,East
T001870,2026-07-05,C086,P007,Power Bank,Electronics,12,1799,Central
T001871,2026-07-05,C094,P008,Wireless Headphones,Audio,4,3999,North
T001872,2026-07-05,C044,P009,Smart Watch,Wearables,1,5999,South
T001873,2026-07-05,C119,P010,HDMI Cable,Accessories,19,899,Central
T001874,2026-07-05,C149,P011,USB Hub,Accessories,8,1299,East
T001875,2026-07-05,C089,P012,Laptop Backpack,Accessories,3,2299,North
T001876,2026-07-05,C099,P013,Phone Stand,Accessories,11,699,South
T001877,2026-07-05,C235,P014,Portable SSD,Storage,2,6499,West
T001878,2026-07-05,C025,P015,Wireless Charger,Electronics,5,1599,Central
T001879,2026-07-06,C137,P001,Wireless Mouse,Accessories,4,1499,East
T001880,2026-07-06,C292,P002,Mechanical Keyboard,Accessories,5,4499,West
T001881,2026-07-06,C241,P003,USB-C Cable,Accessories,12,499,North
T001882,2026-07-06,C296,P004,Laptop Stand,Accessories,2,1899,South
T001883,2026-07-06,C128,P005,Webcam,Electronics,5,3299,West
T001884,2026-07-06,C084,P006,Bluetooth Speaker,Electronics,5,2499,East
T001885,2026-07-06,C123,P007,Power Bank,Electronics,5,1799,Central
T001886,2026-07-06,C136,P008,Wireless Headphones,Audio,4,3999,North
T001887,2026-07-06,C088,P009,Smart Watch,Wearables,2,5999,South
T001888,2026-07-06,C096,P010,HDMI Cable,Accessories,12,899,Central
T001889,2026-07-06,C297,P011,USB Hub,Accessories,8,1299,East
T001890,2026-07-06,C297,P012,Laptop Backpack,Accessories,7,2299,North
T001891,2026-07-06,C231,P013,Phone Stand,Accessories,2,699,South
T001892,2026-07-06,C068,P014,Portable SSD,Storage,1,6499,West
T001893,2026-07-06,C133,P015,Wireless Charger,Electronics,5,1599,Central
T001894,2026-07-07,C021,P001,Wireless Mouse,Accessories,13,1499,East
T001895,2026-07-07,C110,P002,Mechanical Keyboard,Accessories,2,4499,West
T001896,2026-07-07,C188,P003,USB-C Cable,Accessories,16,499,North
T001897,2026-07-07,C170,P004,Laptop Stand,Accessories,4,1899,South
T001898,2026-07-07,C031,P005,Webcam,Electronics,2,3299,West
T001899,2026-07-07,C041,P006,Bluetooth Speaker,Electronics,8,2499,East
T001900,2026-07-07,C028,P007,Power Bank,Electronics,3,1799,Central
T001901,2026-07-07,C138,P008,Wireless Headphones,Audio,8,3999,North
T001902,2026-07-07,C126,P009,Smart Watch,Wearables,5,5999,South
T001903,2026-07-07,C151,P010,HDMI Cable,Accessories,10,899,Central
T001904,2026-07-07,C233,P011,USB Hub,Accessories,6,1299,East
T001905,2026-07-07,C086,P012,Laptop Backpack,Accessories,5,2299,North
T001906,2026-07-07,C011,P013,Phone Stand,Accessories,14,699,South
T001907,2026-07-07,C281,P014,Portable SSD,Storage,3,6499,West
T001908,2026-07-07,C248,P015,Wireless Charger,Electronics,7,1599,Central
T001909,2026-07-08,C291,P001,Wireless Mouse,Accessories,8,1499,East
T001910,2026-07-08,C043,P002,Mechanical Keyboard,Accessories,4,4499,West
T001911,2026-07-08,C293,P003,USB-C Cable,Accessories,21,499,North
T001912,2026-07-08,C143,P004,Laptop Stand,Accessories,8,1899,South
T001913,2026-07-08,C166,P005,Webcam,Electronics,4,3299,West
T001914,2026-07-08,C179,P006,Bluetooth Speaker,Electronics,6,2499,East
T001915,2026-07-08,C115,P007,Power Bank,Electronics,6,1799,Central
T001916,2026-07-08,C179,P008,Wireless Headphones,Audio,6,3999,North
T001917,2026-07-08,C195,P009,Smart Watch,Wearables,4,5999,South
T001918,2026-07-08,C241,P010,HDMI Cable,Accessories,11,899,Central
T001919,2026-07-08,C228,P011,USB Hub,Accessories,11,1299,East
T001920,2026-07-08,C233,P012,Laptop Backpack,Accessories,4,2299,North
T001921,2026-07-08,C164,P013,Phone Stand,Accessories,7,699,South
T001922,2026-07-08,C293,P014,Portable SSD,Storage,1,6499,West
T001923,2026-07-08,C237,P015,Wireless Charger,Electronics,6,1599,Central
T001924,2026-07-09,C237,P001,Wireless Mouse,Accessories,10,1499,East
T001925,2026-07-09,C110,P002,Mechanical Keyboard,Accessories,6,4499,West
T001926,2026-07-09,C201,P003,USB-C Cable,Accessories,16,499,North
T001927,2026-07-09,C080,P004,Laptop Stand,Accessories,3,1899,South
T001928,2026-07-09,C015,P005,Webcam,Electronics,9,3299,West
T001929,2026-07-09,C075,P006,Bluetooth Speaker,Electronics,3,2499,East
T001930,2026-07-09,C109,P007,Power Bank,Electronics,8,1799,Central
T001931,2026-07-09,C267,P008,Wireless Headphones,Audio,5,3999,North
T001932,2026-07-09,C300,P009,Smart Watch,Wearables,1,5999,South
T001933,2026-07-09,C048,P010,HDMI Cable,Accessories,7,899,Central
T001934,2026-07-09,C032,P011,USB Hub,Accessories,4,1299,East
T001935,2026-07-09,C162,P012,Laptop Backpack,Accessories,2,2299,North
T001936,2026-07-09,C283,P013,Phone Stand,Accessories,14,699,South
T001937,2026-07-09,C192,P014,Portable SSD,Storage,1,6499,West
T001938,2026-07-09,C195,P015,Wireless Charger,Electronics,11,1599,Central
T001939,2026-07-10,C296,P001,Wireless Mouse,Accessories,12,1499,East
T001940,2026-07-10,C214,P002,Mechanical Keyboard,Accessories,7,4499,West
T001941,2026-07-10,C117,P003,USB-C Cable,Accessories,22,499,North
T001942,2026-07-10,C135,P004,Laptop Stand,Accessories,3,1899,South
T001943,2026-07-10,C186,P005,Webcam,Electronics,1,3299,West
T001944,2026-07-10,C220,P006,Bluetooth Speaker,Electronics,9,2499,East
T001945,2026-07-10,C094,P007,Power Bank,Electronics,5,1799,Central
T001946,2026-07-10,C033,P008,Wireless Headphones,Audio,5,3999,North
T001947,2026-07-10,C217,P009,Smart Watch,Wearables,2,5999,South
T001948,2026-07-10,C006,P010,HDMI Cable,Accessories,10,899,Central
T001949,2026-07-10,C279,P011,USB Hub,Accessories,14,1299,East
T001950,2026-07-10,C056,P012,Laptop Backpack,Accessories,2,2299,North
T001951,2026-07-10,C212,P013,Phone Stand,Accessories,9,699,South
T001952,2026-07-10,C108,P014,Portable SSD,Storage,1,6499,West
T001953,2026-07-10,C081,P015,Wireless Charger,Electronics,13,1599,Central
T001954,2026-07-11,C070,P001,Wireless Mouse,Accessories,10,1499,East
T001955,2026-07-11,C034,P002,Mechanical Keyboard,Accessories,9,4499,West
T001956,2026-07-11,C001,P003,USB-C Cable,Accessories,19,499,North
T001957,2026-07-11,C142,P004,Laptop Stand,Accessories,4,1899,South
T001958,2026-07-11,C211,P005,Webcam,Electronics,3,3299,West
T001959,2026-07-11,C116,P006,Bluetooth Speaker,Electronics,8,2499,East
T001960,2026-07-11,C195,P007,Power Bank,Electronics,7,1799,Central
T001961,2026-07-11,C246,P008,Wireless Headphones,Audio,2,3999,North
T001962,2026-07-11,C271,P009,Smart Watch,Wearables,5,5999,South
T001963,2026-07-11,C053,P010,HDMI Cable,Accessories,21,899,Central
T001964,2026-07-11,C146,P011,USB Hub,Accessories,9,1299,East
T001965,2026-07-11,C225,P012,Laptop Backpack,Accessories,5,2299,North
T001966,2026-07-11,C085,P013,Phone Stand,Accessories,16,699,South
T001967,2026-07-11,C060,P014,Portable SSD,Storage,3,6499,West
T001968,2026-07-11,C298,P015,Wireless Charger,Electronics,7,1599,Central
T001969,2026-07-12,C162,P001,Wireless Mouse,Accessories,8,1499,East
T001970,2026-07-12,C153,P002,Mechanical Keyboard,Accessories,7,4499,West
T001971,2026-07-12,C176,P003,USB-C Cable,Accessories,15,499,North
T001972,2026-07-12,C023,P004,Laptop Stand,Accessories,6,1899,South
T001973,2026-07-12,C165,P005,Webcam,Electronics,4,3299,West
T001974,2026-07-12,C259,P006,Bluetooth Speaker,Electronics,10,2499,East
T001975,2026-07-12,C133,P007,Power Bank,Electronics,5,1799,Central
T001976,2026-07-12,C222,P008,Wireless Headphones,Audio,6,3999,North
T001977,2026-07-12,C219,P009,Smart Watch,Wearables,4,5999,South
T001978,2026-07-12,C112,P010,HDMI Cable,Accessories,16,899,Central
T001979,2026-07-12,C083,P011,USB Hub,Accessories,13,1299,East
T001980,2026-07-12,C122,P012,Laptop Backpack,Accessories,11,2299,North
T001981,2026-07-12,C203,P013,Phone Stand,Accessories,11,699,South
T001982,2026-07-12,C042,P014,Portable SSD,Storage,4,6499,West
T001983,2026-07-12,C199,P015,Wireless Charger,Electronics,10,1599,Central
T001984,2026-07-13,C215,P001,Wireless Mouse,Accessories,5,1499,East
T001985,2026-07-13,C110,P002,Mechanical Keyboard,Accessories,9,4499,West
T001986,2026-07-13,C230,P003,USB-C Cable,Accessories,28,499,North
T001987,2026-07-13,C150,P004,Laptop Stand,Accessories,5,1899,South
T001988,2026-07-13,C112,P005,Webcam,Electronics,2,3299,West
T001989,2026-07-13,C129,P006,Bluetooth Speaker,Electronics,5,2499,East
T001990,2026-07-13,C065,P007,Power Bank,Electronics,6,1799,Central
T001991,2026-07-13,C050,P008,Wireless Headphones,Audio,7,3999,North
T001992,2026-07-13,C245,P010,HDMI Cable,Accessories,10,899,Central
T001993,2026-07-13,C219,P011,USB Hub,Accessories,8,1299,East
T001994,2026-07-13,C246,P012,Laptop Backpack,Accessories,8,2299,North
T001995,2026-07-13,C112,P013,Phone Stand,Accessories,10,699,South
T001996,2026-07-13,C191,P014,Portable SSD,Storage,3,6499,West
T001997,2026-07-13,C228,P015,Wireless Charger,Electronics,8,1599,Central
T001998,2026-07-14,C104,P001,Wireless Mouse,Accessories,4,1499,East
T001999,2026-07-14,C120,P002,Mechanical Keyboard,Accessories,6,4499,West
T002000,2026-07-14,C167,P003,USB-C Cable,Accessories,20,499,North
T002001,2026-07-14,C009,P004,Laptop Stand,Accessories,2,1899,South
T002002,2026-07-14,C181,P005,Webcam,Electronics,6,3299,West
T002003,2026-07-14,C048,P006,Bluetooth Speaker,Electronics,4,2499,East
T002004,2026-07-14,C134,P007,Power Bank,Electronics,7,1799,Central
T002005,2026-07-14,C107,P008,Wireless Headphones,Audio,8,3999,North
T002006,2026-07-14,C184,P009,Smart Watch,Wearables,4,5999,South
T002007,2026-07-14,C010,P010,HDMI Cable,Accessories,2,899,Central
T002008,2026-07-14,C260,P011,USB Hub,Accessories,7,1299,East
T002009,2026-07-14,C158,P012,Laptop Backpack,Accessories,4,2299,North
T002010,2026-07-14,C173,P013,Phone Stand,Accessories,8,699,South
T002011,2026-07-14,C230,P014,Portable SSD,Storage,2,6499,West
T002012,2026-07-14,C143,P015,Wireless Charger,Electronics,8,1599,Central
T002013,2026-07-15,C058,P001,Wireless Mouse,Accessories,6,1499,East
T002014,2026-07-15,C087,P002,Mechanical Keyboard,Accessories,6,4499,West
T002015,2026-07-15,C272,P003,USB-C Cable,Accessories,11,499,North
T002016,2026-07-15,C159,P004,Laptop Stand,Accessories,4,1899,South
T002017,2026-07-15,C255,P005,Webcam,Electronics,1,3299,West
T002018,2026-07-15,C018,P006,Bluetooth Speaker,Electronics,7,2499,East
T002019,2026-07-15,C242,P007,Power Bank,Electronics,6,1799,Central
T002020,2026-07-15,C206,P008,Wireless Headphones,Audio,8,3999,North
T002021,2026-07-15,C091,P009,Smart Watch,Wearables,4,5999,South
T002022,2026-07-15,C015,P010,HDMI Cable,Accessories,9,899,Central
T002023,2026-07-15,C008,P011,USB Hub,Accessories,8,1299,East
T002024,2026-07-15,C160,P012,Laptop Backpack,Accessories,7,2299,North
T002025,2026-07-15,C192,P013,Phone Stand,Accessories,5,699,South
T002026,2026-07-15,C273,P014,Portable SSD,Storage,2,6499,West
T002027,2026-07-15,C177,P015,Wireless Charger,Electronics,11,1599,Central
T002028,2026-07-16,C184,P001,Wireless Mouse,Accessories,5,1499,East
T002029,2026-07-16,C028,P002,Mechanical Keyboard,Accessories,9,4499,West
T002030,2026-07-16,C120,P003,USB-C Cable,Accessories,13,499,North
T002031,2026-07-16,C265,P004,Laptop Stand,Accessories,6,1899,South
T002032,2026-07-16,C096,P005,Webcam,Electronics,6,3299,West
T002033,2026-07-16,C081,P006,Bluetooth Speaker,Electronics,9,2499,East
T002034,2026-07-16,C238,P007,Power Bank,Electronics,11,1799,Central
T002035,2026-07-16,C080,P008,Wireless Headphones,Audio,11,3999,North
T002036,2026-07-16,C209,P009,Smart Watch,Wearables,3,5999,South
T002037,2026-07-16,C094,P010,HDMI Cable,Accessories,14,899,Central
T002038,2026-07-16,C191,P011,USB Hub,Accessories,14,1299,East
T002039,2026-07-16,C258,P012,Laptop Backpack,Accessories,5,2299,North
T002040,2026-07-16,C263,P013,Phone Stand,Accessories,11,699,South
T002041,2026-07-16,C271,P014,Portable SSD,Storage,4,6499,West
T002042,2026-07-16,C185,P015,Wireless Charger,Electronics,7,1599,Central
T002043,2026-07-17,C043,P001,Wireless Mouse,Accessories,6,1499,East
T002044,2026-07-17,C210,P002,Mechanical Keyboard,Accessories,3,4499,West
T002045,2026-07-17,C253,P003,USB-C Cable,Accessories,20,499,North
T002046,2026-07-17,C201,P004,Laptop Stand,Accessories,5,1899,South
T002047,2026-07-17,C215,P005,Webcam,Electronics,1,3299,West
T002048,2026-07-17,C135,P006,Bluetooth Speaker,Electronics,8,2499,East
T002049,2026-07-17,C014,P007,Power Bank,Electronics,8,1799,Central
T002050,2026-07-17,C172,P008,Wireless Headphones,Audio,8,3999,North
T002051,2026-07-17,C251,P010,HDMI Cable,Accessories,6,899,Central
T002052,2026-07-17,C152,P011,USB Hub,Accessories,13,1299,East
T002053,2026-07-17,C033,P012,Laptop Backpack,Accessories,7,2299,North
T002054,2026-07-17,C219,P013,Phone Stand,Accessories,10,699,South
T002055,2026-07-17,C164,P014,Portable SSD,Storage,2,6499,West
T002056,2026-07-17,C257,P015,Wireless Charger,Electronics,9,1599,Central
T002057,2026-07-18,C144,P001,Wireless Mouse,Accessories,14,1499,East
T002058,2026-07-18,C288,P002,Mechanical Keyboard,Accessories,12,4499,West
T002059,2026-07-18,C028,P003,USB-C Cable,Accessories,24,499,North
T002060,2026-07-18,C068,P004,Laptop Stand,Accessories,5,1899,South
T002061,2026-07-18,C142,P005,Webcam,Electronics,7,3299,West
T002062,2026-07-18,C174,P006,Bluetooth Speaker,Electronics,15,2499,East
T002063,2026-07-18,C260,P007,Power Bank,Electronics,11,1799,Central
T002064,2026-07-18,C171,P008,Wireless Headphones,Audio,7,3999,North
T002065,2026-07-18,C168,P009,Smart Watch,Wearables,5,5999,South
T002066,2026-07-18,C132,P010,HDMI Cable,Accessories,13,899,Central
T002067,2026-07-18,C051,P011,USB Hub,Accessories,9,1299,East
T002068,2026-07-18,C049,P012,Laptop Backpack,Accessories,7,2299,North
T002069,2026-07-18,C249,P013,Phone Stand,Accessories,14,699,South
T002070,2026-07-18,C061,P014,Portable SSD,Storage,3,6499,West
T002071,2026-07-18,C138,P015,Wireless Charger,Electronics,12,1599,Central
T002072,2026-07-19,C172,P001,Wireless Mouse,Accessories,9,1499,East
T002073,2026-07-19,C278,P002,Mechanical Keyboard,Accessories,9,4499,West
T002074,2026-07-19,C185,P003,USB-C Cable,Accessories,29,499,North
T002075,2026-07-19,C252,P004,Laptop Stand,Accessories,9,1899,South
T002076,2026-07-19,C123,P005,Webcam,Electronics,2,3299,West
T002077,2026-07-19,C201,P006,Bluetooth Speaker,Electronics,8,2499,East
T002078,2026-07-19,C021,P007,Power Bank,Electronics,6,1799,Central
T002079,2026-07-19,C195,P008,Wireless Headphones,Audio,6,3999,North
T002080,2026-07-19,C102,P009,Smart Watch,Wearables,2,5999,South
T002081,2026-07-19,C201,P010,HDMI Cable,Accessories,13,899,Central
T002082,2026-07-19,C293,P011,USB Hub,Accessories,13,1299,East
T002083,2026-07-19,C060,P012,Laptop Backpack,Accessories,3,2299,North
T002084,2026-07-19,C146,P013,Phone Stand,Accessories,21,699,South
T002085,2026-07-19,C046,P014,Portable SSD,Storage,4,6499,West
T002086,2026-07-19,C074,P015,Wireless Charger,Electronics,13,1599,Central
T002087,2026-07-20,C160,P001,Wireless Mouse,Accessories,7,1499,East
T002088,2026-07-20,C144,P002,Mechanical Keyboard,Accessories,9,4499,West
T002089,2026-07-20,C040,P003,USB-C Cable,Accessories,23,499,North
T002090,2026-07-20,C212,P004,Laptop Stand,Accessories,4,1899,South
T002091,2026-07-20,C020,P005,Webcam,Electronics,6,3299,West
T002092,2026-07-20,C077,P006,Bluetooth Speaker,Electronics,8,2499,East
T002093,2026-07-20,C088,P007,Power Bank,Electronics,6,1799,Central
T002094,2026-07-20,C126,P008,Wireless Headphones,Audio,7,3999,North
T002095,2026-07-20,C122,P009,Smart Watch,Wearables,1,5999,South
T002096,2026-07-20,C268,P010,HDMI Cable,Accessories,8,899,Central
T002097,2026-07-20,C008,P011,USB Hub,Accessories,6,1299,East
T002098,2026-07-20,C195,P012,Laptop Backpack,Accessories,6,2299,North
T002099,2026-07-20,C203,P013,Phone Stand,Accessories,8,699,South
T002100,2026-07-20,C285,P014,Portable SSD,Storage,1,6499,West
T002101,2026-07-20,C087,P015,Wireless Charger,Electronics,3,1599,Central
T002102,2026-07-21,C112,P001,Wireless Mouse,Accessories,7,1499,East
T002103,2026-07-21,C231,P002,Mechanical Keyboard,Accessories,6,4499,West
T002104,2026-07-21,C233,P003,USB-C Cable,Accessories,11,499,North
T002105,2026-07-21,C247,P004,Laptop Stand,Accessories,5,1899,South
T002106,2026-07-21,C065,P005,Webcam,Electronics,2,3299,West
T002107,2026-07-21,C079,P006,Bluetooth Speaker,Electronics,6,2499,East
T002108,2026-07-21,C142,P007,Power Bank,Electronics,6,1799,Central
T002109,2026-07-21,C152,P008,Wireless Headphones,Audio,4,3999,North
T002110,2026-07-21,C257,P010,HDMI Cable,Accessories,5,899,Central
T002111,2026-07-21,C227,P011,USB Hub,Accessories,4,1299,East
T002112,2026-07-21,C161,P012,Laptop Backpack,Accessories,4,2299,North
T002113,2026-07-21,C026,P013,Phone Stand,Accessories,11,699,South
T002114,2026-07-21,C196,P014,Portable SSD,Storage,6,6499,West
T002115,2026-07-21,C033,P015,Wireless Charger,Electronics,6,1599,Central
T002116,2026-07-22,C126,P001,Wireless Mouse,Accessories,5,1499,East
T002117,2026-07-22,C164,P002,Mechanical Keyboard,Accessories,8,4499,West
T002118,2026-07-22,C089,P003,USB-C Cable,Accessories,15,499,North
T002119,2026-07-22,C267,P004,Laptop Stand,Accessories,3,1899,South
T002120,2026-07-22,C063,P005,Webcam,Electronics,1,3299,West
T002121,2026-07-22,C075,P006,Bluetooth Speaker,Electronics,8,2499,East
T002122,2026-07-22,C265,P007,Power Bank,Electronics,4,1799,Central
T002123,2026-07-22,C144,P008,Wireless Headphones,Audio,4,3999,North
T002124,2026-07-22,C014,P009,Smart Watch,Wearables,1,5999,South
T002125,2026-07-22,C080,P010,HDMI Cable,Accessories,5,899,Central
T002126,2026-07-22,C210,P011,USB Hub,Accessories,6,1299,East
T002127,2026-07-22,C167,P012,Laptop Backpack,Accessories,5,2299,North
T002128,2026-07-22,C201,P013,Phone Stand,Accessories,7,699,South
T002129,2026-07-22,C254,P014,Portable SSD,Storage,1,6499,West
T002130,2026-07-22,C210,P015,Wireless Charger,Electronics,5,1599,Central
T002131,2026-07-23,C134,P001,Wireless Mouse,Accessories,7,1499,East
T002132,2026-07-23,C152,P002,Mechanical Keyboard,Accessories,5,4499,West
T002133,2026-07-23,C151,P003,USB-C Cable,Accessories,11,499,North
T002134,2026-07-23,C195,P004,Laptop Stand,Accessories,2,1899,South
T002135,2026-07-23,C054,P005,Webcam,Electronics,3,3299,West
T002136,2026-07-23,C228,P006,Bluetooth Speaker,Electronics,11,2499,East
T002137,2026-07-23,C149,P007,Power Bank,Electronics,9,1799,Central
T002138,2026-07-23,C268,P008,Wireless Headphones,Audio,6,3999,North
T002139,2026-07-23,C077,P009,Smart Watch,Wearables,4,5999,South
T002140,2026-07-23,C245,P010,HDMI Cable,Accessories,14,899,Central
T002141,2026-07-23,C021,P011,USB Hub,Accessories,7,1299,East
T002142,2026-07-23,C138,P012,Laptop Backpack,Accessories,5,2299,North
T002143,2026-07-23,C243,P013,Phone Stand,Accessories,4,699,South
T002144,2026-07-23,C265,P014,Portable SSD,Storage,5,6499,West
T002145,2026-07-23,C097,P015,Wireless Charger,Electronics,3,1599,Central
T002146,2026-07-24,C189,P001,Wireless Mouse,Accessories,12,1499,East
T002147,2026-07-24,C045,P002,Mechanical Keyboard,Accessories,5,4499,West
T002148,2026-07-24,C137,P003,USB-C Cable,Accessories,16,499,North
T002149,2026-07-24,C072,P004,Laptop Stand,Accessories,7,1899,South
T002150,2026-07-24,C006,P005,Webcam,Electronics,4,3299,West
T002151,2026-07-24,C129,P006,Bluetooth Speaker,Electronics,7,2499,East
T002152,2026-07-24,C291,P007,Power Bank,Electronics,7,1799,Central
T002153,2026-07-24,C190,P008,Wireless Headphones,Audio,6,3999,North
T002154,2026-07-24,C187,P009,Smart Watch,Wearables,1,5999,South
T002155,2026-07-24,C183,P010,HDMI Cable,Accessories,8,899,Central
T002156,2026-07-24,C016,P011,USB Hub,Accessories,5,1299,East
T002157,2026-07-24,C064,P012,Laptop Backpack,Accessories,2,2299,North
T002158,2026-07-24,C126,P013,Phone Stand,Accessories,8,699,South
T002159,2026-07-24,C204,P014,Portable SSD,Storage,2,6499,West
T002160,2026-07-24,C222,P015,Wireless Charger,Electronics,5,1599,Central
T002161,2026-07-25,C118,P001,Wireless Mouse,Accessories,10,1499,East
T002162,2026-07-25,C044,P002,Mechanical Keyboard,Accessories,6,4499,West
T002163,2026-07-25,C162,P003,USB-C Cable,Accessories,19,499,North
T002164,2026-07-25,C176,P004,Laptop Stand,Accessories,4,1899,South
T002165,2026-07-25,C300,P005,Webcam,Electronics,4,3299,West
T002166,2026-07-25,C046,P006,Bluetooth Speaker,Electronics,14,2499,East
T002167,2026-07-25,C150,P007,Power Bank,Electronics,5,1799,Central
T002168,2026-07-25,C095,P008,Wireless Headphones,Audio,8,3999,North
T002169,2026-07-25,C298,P009,Smart Watch,Wearables,1,5999,South
T002170,2026-07-25,C248,P010,HDMI Cable,Accessories,14,899,Central
T002171,2026-07-25,C251,P011,USB Hub,Accessories,11,1299,East
T002172,2026-07-25,C034,P012,Laptop Backpack,Accessories,4,2299,North
T002173,2026-07-25,C172,P013,Phone Stand,Accessories,19,699,South
T002174,2026-07-25,C053,P014,Portable SSD,Storage,5,6499,West
T002175,2026-07-25,C018,P015,Wireless Charger,Electronics,7,1599,Central
T002176,2026-07-26,C199,P001,Wireless Mouse,Accessories,15,1499,East
T002177,2026-07-26,C288,P002,Mechanical Keyboard,Accessories,7,4499,West
T002178,2026-07-26,C128,P003,USB-C Cable,Accessories,28,499,North
T002179,2026-07-26,C015,P004,Laptop Stand,Accessories,3,1899,South
T002180,2026-07-26,C060,P005,Webcam,Electronics,4,3299,West
T002181,2026-07-26,C225,P006,Bluetooth Speaker,Electronics,7,2499,East
T002182,2026-07-26,C252,P007,Power Bank,Electronics,14,1799,Central
T002183,2026-07-26,C231,P008,Wireless Headphones,Audio,5,3999,North
T002184,2026-07-26,C300,P009,Smart Watch,Wearables,4,5999,South
T002185,2026-07-26,C295,P010,HDMI Cable,Accessories,16,899,Central
T002186,2026-07-26,C049,P011,USB Hub,Accessories,7,1299,East
T002187,2026-07-26,C273,P012,Laptop Backpack,Accessories,3,2299,North
T002188,2026-07-26,C259,P013,Phone Stand,Accessories,11,699,South
T002189,2026-07-26,C183,P014,Portable SSD,Storage,1,6499,West
T002190,2026-07-26,C072,P015,Wireless Charger,Electronics,11,1599,Central
T002191,2026-07-27,C114,P001,Wireless Mouse,Accessories,7,1499,East
T002192,2026-07-27,C223,P002,Mechanical Keyboard,Accessories,10,4499,West
T002193,2026-07-27,C227,P003,USB-C Cable,Accessories,25,499,North
T002194,2026-07-27,C170,P004,Laptop Stand,Accessories,6,1899,South
T002195,2026-07-27,C159,P005,Webcam,Electronics,6,3299,West
T002196,2026-07-27,C026,P006,Bluetooth Speaker,Electronics,6,2499,East
T002197,2026-07-27,C014,P007,Power Bank,Electronics,4,1799,Central
T002198,2026-07-27,C069,P008,Wireless Headphones,Audio,2,3999,North
T002199,2026-07-27,C069,P009,Smart Watch,Wearables,1,5999,South
T002200,2026-07-27,C003,P010,HDMI Cable,Accessories,13,899,Central
T002201,2026-07-27,C139,P011,USB Hub,Accessories,9,1299,East
T002202,2026-07-27,C052,P012,Laptop Backpack,Accessories,6,2299,North
T002203,2026-07-27,C278,P013,Phone Stand,Accessories,11,699,South
T002204,2026-07-27,C272,P014,Portable SSD,Storage,2,6499,West
T002205,2026-07-27,C095,P015,Wireless Charger,Electronics,9,1599,Central
T002206,2026-07-28,C231,P001,Wireless Mouse,Accessories,4,1499,East
T002207,2026-07-28,C067,P002,Mechanical Keyboard,Accessories,8,4499,West
T002208,2026-07-28,C189,P003,USB-C Cable,Accessories,15,499,North
T002209,2026-07-28,C230,P004,Laptop Stand,Accessories,5,1899,South
T002210,2026-07-28,C052,P005,Webcam,Electronics,1,3299,West
T002211,2026-07-28,C089,P006,Bluetooth Speaker,Electronics,5,2499,East
T002212,2026-07-28,C255,P007,Power Bank,Electronics,9,1799,Central
T002213,2026-07-28,C012,P008,Wireless Headphones,Audio,4,3999,North
T002214,2026-07-28,C112,P009,Smart Watch,Wearables,4,5999,South
T002215,2026-07-28,C227,P010,HDMI Cable,Accessories,9,899,Central
T002216,2026-07-28,C136,P011,USB Hub,Accessories,9,1299,East
T002217,2026-07-28,C149,P012,Laptop Backpack,Accessories,5,2299,North
T002218,2026-07-28,C109,P013,Phone Stand,Accessories,9,699,South
T002219,2026-07-28,C050,P014,Portable SSD,Storage,2,6499,West
T002220,2026-07-28,C004,P015,Wireless Charger,Electronics,4,1599,Central
T002221,2026-07-29,C280,P001,Wireless Mouse,Accessories,10,1499,East
T002222,2026-07-29,C007,P002,Mechanical Keyboard,Accessories,7,4499,West
T002223,2026-07-29,C132,P003,USB-C Cable,Accessories,15,499,North
T002224,2026-07-29,C094,P004,Laptop Stand,Accessories,8,1899,South
T002225,2026-07-29,C185,P005,Webcam,Electronics,2,3299,West
T002226,2026-07-29,C166,P006,Bluetooth Speaker,Electronics,9,2499,East
T002227,2026-07-29,C267,P007,Power Bank,Electronics,10,1799,Central
T002228,2026-07-29,C046,P008,Wireless Headphones,Audio,8,3999,North
T002229,2026-07-29,C201,P009,Smart Watch,Wearables,2,5999,South
T002230,2026-07-29,C288,P010,HDMI Cable,Accessories,7,899,Central
T002231,2026-07-29,C201,P011,USB Hub,Accessories,8,1299,East
T002232,2026-07-29,C101,P012,Laptop Backpack,Accessories,5,2299,North
T002233,2026-07-29,C254,P013,Phone Stand,Accessories,13,699,South
T002234,2026-07-29,C111,P014,Portable SSD,Storage,3,6499,West
T002235,2026-07-29,C214,P015,Wireless Charger,Electronics,11,1599,Central
T002236,2026-07-30,C213,P001,Wireless Mouse,Accessories,10,1499,East
T002237,2026-07-30,C009,P002,Mechanical Keyboard,Accessories,6,4499,West
T002238,2026-07-30,C165,P003,USB-C Cable,Accessories,16,499,North
T002239,2026-07-30,C231,P004,Laptop Stand,Accessories,3,1899,South
T002240,2026-07-30,C156,P005,Webcam,Electronics,5,3299,West
T002241,2026-07-30,C132,P006,Bluetooth Speaker,Electronics,5,2499,East
T002242,2026-07-30,C082,P007,Power Bank,Electronics,9,1799,Central
T002243,2026-07-30,C274,P008,Wireless Headphones,Audio,2,3999,North
T002244,2026-07-30,C281,P009,Smart Watch,Wearables,5,5999,South
T002245,2026-07-30,C285,P010,HDMI Cable,Accessories,10,899,Central
T002246,2026-07-30,C236,P011,USB Hub,Accessories,8,1299,East
T002247,2026-07-30,C007,P012,Laptop Backpack,Accessories,6,2299,North
T002248,2026-07-30,C196,P013,Phone Stand,Accessories,8,699,South
T002249,2026-07-30,C165,P014,Portable SSD,Storage,3,6499,West
T002250,2026-07-30,C062,P015,Wireless Charger,Electronics,8,1599,Central
T002251,2026-07-31,C231,P001,Wireless Mouse,Accessories,5,1499,East
T002252,2026-07-31,C074,P002,Mechanical Keyboard,Accessories,1,4499,West
T002253,2026-07-31,C232,P003,USB-C Cable,Accessories,19,499,North
T002254,2026-07-31,C161,P004,Laptop Stand,Accessories,10,1899,South
T002255,2026-07-31,C198,P005,Webcam,Electronics,1,3299,West
T002256,2026-07-31,C186,P006,Bluetooth Speaker,Electronics,13,2499,East
T002257,2026-07-31,C022,P007,Power Bank,Electronics,2,1799,Central
T002258,2026-07-31,C081,P008,Wireless Headphones,Audio,11,3999,North
T002259,2026-07-31,C056,P009,Smart Watch,Wearables,3,5999,South
T002260,2026-07-31,C279,P010,HDMI Cable,Accessories,16,899,Central
T002261,2026-07-31,C082,P011,USB Hub,Accessories,9,1299,East
T002262,2026-07-31,C241,P012,Laptop Backpack,Accessories,6,2299,North
T002263,2026-07-31,C282,P013,Phone Stand,Accessories,7,699,South
T002264,2026-07-31,C228,P014,Portable SSD,Storage,3,6499,West
T002265,2026-07-31,C275,P015,Wireless Charger,Electronics,10,1599,Central
T002266,2026-08-01,C040,P001,Wireless Mouse,Accessories,10,1499,East
T002267,2026-08-01,C080,P002,Mechanical Keyboard,Accessories,6,4499,West
T002268,2026-08-01,C108,P003,USB-C Cable,Accessories,18,499,North
T002269,2026-08-01,C232,P004,Laptop Stand,Accessories,7,1899,South
T002270,2026-08-01,C295,P005,Webcam,Electronics,2,3299,West
T002271,2026-08-01,C035,P006,Bluetooth Speaker,Electronics,10,2499,East
T002272,2026-08-01,C276,P007,Power Bank,Electronics,9,1799,Central
T002273,2026-08-01,C033,P008,Wireless Headphones,Audio,3,3999,North
T002274,2026-08-01,C092,P009,Smart Watch,Wearables,4,5999,South
T002275,2026-08-01,C108,P010,HDMI Cable,Accessories,10,899,Central
T002276,2026-08-01,C050,P011,USB Hub,Accessories,5,1299,East
T002277,2026-08-01,C180,P012,Laptop Backpack,Accessories,7,2299,North
T002278,2026-08-01,C075,P013,Phone Stand,Accessories,10,699,South
T002279,2026-08-01,C167,P014,Portable SSD,Storage,1,6499,West
T002280,2026-08-01,C126,P015,Wireless Charger,Electronics,9,1599,Central
T002281,2026-08-02,C165,P001,Wireless Mouse,Accessories,13,1499,East
T002282,2026-08-02,C275,P002,Mechanical Keyboard,Accessories,5,4499,West
T002283,2026-08-02,C253,P003,USB-C Cable,Accessories,26,499,North
T002284,2026-08-02,C255,P004,Laptop Stand,Accessories,3,1899,South
T002285,2026-08-02,C160,P005,Webcam,Electronics,5,3299,West
T002286,2026-08-02,C073,P006,Bluetooth Speaker,Electronics,12,2499,East
T002287,2026-08-02,C039,P007,Power Bank,Electronics,8,1799,Central
T002288,2026-08-02,C109,P008,Wireless Headphones,Audio,10,3999,North
T002289,2026-08-02,C272,P009,Smart Watch,Wearables,3,5999,South
T002290,2026-08-02,C023,P010,HDMI Cable,Accessories,19,899,Central
T002291,2026-08-02,C243,P011,USB Hub,Accessories,9,1299,East
T002292,2026-08-02,C214,P012,Laptop Backpack,Accessories,8,2299,North
T002293,2026-08-02,C048,P013,Phone Stand,Accessories,17,699,South
T002294,2026-08-02,C040,P014,Portable SSD,Storage,4,6499,West
T002295,2026-08-02,C251,P015,Wireless Charger,Electronics,10,1599,Central
T002296,2026-08-03,C034,P001,Wireless Mouse,Accessories,4,1499,East
T002297,2026-08-03,C110,P002,Mechanical Keyboard,Accessories,12,4499,West
T002298,2026-08-03,C124,P003,USB-C Cable,Accessories,20,499,North
T002299,2026-08-03,C122,P004,Laptop Stand,Accessories,4,1899,South
T002300,2026-08-03,C227,P005,Webcam,Electronics,5,3299,West
T002301,2026-08-03,C041,P006,Bluetooth Speaker,Electronics,5,2499,East
T002302,2026-08-03,C218,P007,Power Bank,Electronics,6,1799,Central
T002303,2026-08-03,C048,P008,Wireless Headphones,Audio,9,3999,North
T002304,2026-08-03,C226,P009,Smart Watch,Wearables,4,5999,South
T002305,2026-08-03,C242,P010,HDMI Cable,Accessories,11,899,Central
T002306,2026-08-03,C080,P011,USB Hub,Accessories,9,1299,East
T002307,2026-08-03,C151,P012,Laptop Backpack,Accessories,7,2299,North
T002308,2026-08-03,C033,P013,Phone Stand,Accessories,14,699,South
T002309,2026-08-03,C296,P014,Portable SSD,Storage,2,6499,West
T002310,2026-08-03,C070,P015,Wireless Charger,Electronics,3,1599,Central
T002311,2026-08-04,C007,P001,Wireless Mouse,Accessories,8,1499,East
T002312,2026-08-04,C100,P002,Mechanical Keyboard,Accessories,11,4499,West
T002313,2026-08-04,C245,P003,USB-C Cable,Accessories,18,499,North
T002314,2026-08-04,C269,P004,Laptop Stand,Accessories,3,1899,South
T002315,2026-08-04,C270,P005,Webcam,Electronics,4,3299,West
T002316,2026-08-04,C050,P006,Bluetooth Speaker,Electronics,5,2499,East
T002317,2026-08-04,C219,P007,Power Bank,Electronics,8,1799,Central
T002318,2026-08-04,C167,P008,Wireless Headphones,Audio,4,3999,North
T002319,2026-08-04,C069,P009,Smart Watch,Wearables,2,5999,South
T002320,2026-08-04,C177,P010,HDMI Cable,Accessories,8,899,Central
T002321,2026-08-04,C251,P011,USB Hub,Accessories,5,1299,East
T002322,2026-08-04,C143,P012,Laptop Backpack,Accessories,2,2299,North
T002323,2026-08-04,C067,P013,Phone Stand,Accessories,10,699,South
T002324,2026-08-04,C012,P014,Portable SSD,Storage,2,6499,West
T002325,2026-08-04,C180,P015,Wireless Charger,Electronics,5,1599,Central
T002326,2026-08-05,C178,P001,Wireless Mouse,Accessories,7,1499,East
T002327,2026-08-05,C176,P002,Mechanical Keyboard,Accessories,8,4499,West
T002328,2026-08-05,C224,P003,USB-C Cable,Accessories,15,499,North
T002329,2026-08-05,C208,P004,Laptop Stand,Accessories,3,1899,South
T002330,2026-08-05,C253,P006,Bluetooth Speaker,Electronics,11,2499,East
T002331,2026-08-05,C193,P007,Power Bank,Electronics,7,1799,Central
T002332,2026-08-05,C265,P008,Wireless Headphones,Audio,3,3999,North
T002333,2026-08-05,C150,P009,Smart Watch,Wearables,2,5999,South
T002334,2026-08-05,C185,P010,HDMI Cable,Accessories,14,899,Central
T002335,2026-08-05,C044,P011,USB Hub,Accessories,7,1299,East
T002336,2026-08-05,C287,P012,Laptop Backpack,Accessories,7,2299,North
T002337,2026-08-05,C098,P013,Phone Stand,Accessories,17,699,South
T002338,2026-08-05,C012,P014,Portable SSD,Storage,2,6499,West
T002339,2026-08-05,C160,P015,Wireless Charger,Electronics,7,1599,Central
T002340,2026-08-06,C129,P001,Wireless Mouse,Accessories,15,1499,East
T002341,2026-08-06,C219,P002,Mechanical Keyboard,Accessories,5,4499,West
T002342,2026-08-06,C196,P003,USB-C Cable,Accessories,21,499,North
T002343,2026-08-06,C022,P004,Laptop Stand,Accessories,4,1899,South
T002344,2026-08-06,C140,P005,Webcam,Electronics,4,3299,West
T002345,2026-08-06,C056,P006,Bluetooth Speaker,Electronics,6,2499,East
T002346,2026-08-06,C057,P007,Power Bank,Electronics,4,1799,Central
T002347,2026-08-06,C151,P008,Wireless Headphones,Audio,12,3999,North
T002348,2026-08-06,C194,P009,Smart Watch,Wearables,4,5999,South
T002349,2026-08-06,C075,P010,HDMI Cable,Accessories,12,899,Central
T002350,2026-08-06,C296,P011,USB Hub,Accessories,10,1299,East
T002351,2026-08-06,C195,P012,Laptop Backpack,Accessories,4,2299,North
T002352,2026-08-06,C022,P013,Phone Stand,Accessories,8,699,South
T002353,2026-08-06,C216,P014,Portable SSD,Storage,3,6499,West
T002354,2026-08-06,C161,P015,Wireless Charger,Electronics,8,1599,Central
T002355,2026-08-07,C218,P001,Wireless Mouse,Accessories,13,1499,East
T002356,2026-08-07,C237,P002,Mechanical Keyboard,Accessories,10,4499,West
T002357,2026-08-07,C033,P003,USB-C Cable,Accessories,27,499,North
T002358,2026-08-07,C106,P004,Laptop Stand,Accessories,2,1899,South
T002359,2026-08-07,C143,P005,Webcam,Electronics,3,3299,West
T002360,2026-08-07,C051,P006,Bluetooth Speaker,Electronics,6,2499,East
T002361,2026-08-07,C275,P007,Power Bank,Electronics,11,1799,Central
T002362,2026-08-07,C292,P008,Wireless Headphones,Audio,6,3999,North
T002363,2026-08-07,C036,P009,Smart Watch,Wearables,2,5999,South
T002364,2026-08-07,C123,P010,HDMI Cable,Accessories,11,899,Central
T002365,2026-08-07,C282,P011,USB Hub,Accessories,14,1299,East
T002366,2026-08-07,C128,P012,Laptop Backpack,Accessories,9,2299,North
T002367,2026-08-07,C035,P013,Phone Stand,Accessories,11,699,South
T002368,2026-08-07,C081,P014,Portable SSD,Storage,5,6499,West
T002369,2026-08-07,C230,P015,Wireless Charger,Electronics,6,1599,Central
T002370,2026-08-08,C044,P001,Wireless Mouse,Accessories,11,1499,East
T002371,2026-08-08,C218,P002,Mechanical Keyboard,Accessories,4,4499,West
T002372,2026-08-08,C213,P003,USB-C Cable,Accessories,23,499,North
T002373,2026-08-08,C171,P004,Laptop Stand,Accessories,9,1899,South
T002374,2026-08-08,C229,P005,Webcam,Electronics,2,3299,West
T002375,2026-08-08,C028,P006,Bluetooth Speaker,Electronics,4,2499,East
T002376,2026-08-08,C207,P007,Power Bank,Electronics,8,1799,Central
T002377,2026-08-08,C149,P008,Wireless Headphones,Audio,6,3999,North
T002378,2026-08-08,C298,P009,Smart Watch,Wearables,2,5999,South
T002379,2026-08-08,C119,P010,HDMI Cable,Accessories,12,899,Central
T002380,2026-08-08,C179,P011,USB Hub,Accessories,14,1299,East
T002381,2026-08-08,C230,P012,Laptop Backpack,Accessories,5,2299,North
T002382,2026-08-08,C107,P013,Phone Stand,Accessories,17,699,South
T002383,2026-08-08,C197,P014,Portable SSD,Storage,3,6499,West
T002384,2026-08-08,C168,P015,Wireless Charger,Electronics,5,1599,Central
T002385,2026-08-09,C020,P001,Wireless Mouse,Accessories,9,1499,East
T002386,2026-08-09,C255,P002,Mechanical Keyboard,Accessories,11,4499,West
T002387,2026-08-09,C021,P003,USB-C Cable,Accessories,25,499,North
T002388,2026-08-09,C249,P004,Laptop Stand,Accessories,3,1899,South
T002389,2026-08-09,C076,P005,Webcam,Electronics,7,3299,West
T002390,2026-08-09,C078,P006,Bluetooth Speaker,Electronics,9,2499,East
T002391,2026-08-09,C271,P007,Power Bank,Electronics,11,1799,Central
T002392,2026-08-09,C073,P008,Wireless Headphones,Audio,7,3999,North
T002393,2026-08-09,C276,P009,Smart Watch,Wearables,3,5999,South
T002394,2026-08-09,C287,P010,HDMI Cable,Accessories,21,899,Central
T002395,2026-08-09,C249,P011,USB Hub,Accessories,9,1299,East
T002396,2026-08-09,C123,P012,Laptop Backpack,Accessories,6,2299,North
T002397,2026-08-09,C299,P013,Phone Stand,Accessories,11,699,South
T002398,2026-08-09,C181,P014,Portable SSD,Storage,2,6499,West
T002399,2026-08-09,C156,P015,Wireless Charger,Electronics,13,1599,Central
T002400,2026-08-10,C223,P001,Wireless Mouse,Accessories,7,1499,East
T002401,2026-08-10,C220,P002,Mechanical Keyboard,Accessories,5,4499,West
T002402,2026-08-10,C242,P003,USB-C Cable,Accessories,15,499,North
T002403,2026-08-10,C273,P004,Laptop Stand,Accessories,3,1899,South
T002404,2026-08-10,C157,P005,Webcam,Electronics,6,3299,West
T002405,2026-08-10,C220,P006,Bluetooth Speaker,Electronics,3,2499,East
T002406,2026-08-10,C023,P007,Power Bank,Electronics,6,1799,Central
T002407,2026-08-10,C033,P008,Wireless Headphones,Audio,9,3999,North
T002408,2026-08-10,C030,P009,Smart Watch,Wearables,2,5999,South
T002409,2026-08-10,C238,P010,HDMI Cable,Accessories,9,899,Central
T002410,2026-08-10,C095,P011,USB Hub,Accessories,3,1299,East
T002411,2026-08-10,C233,P012,Laptop Backpack,Accessories,4,2299,North
T002412,2026-08-10,C247,P013,Phone Stand,Accessories,9,699,South
T002413,2026-08-10,C123,P014,Portable SSD,Storage,4,6499,West
T002414,2026-08-10,C127,P015,Wireless Charger,Electronics,3,1599,Central
T002415,2026-08-11,C197,P001,Wireless Mouse,Accessories,7,1499,East
T002416,2026-08-11,C040,P002,Mechanical Keyboard,Accessories,12,4499,West
T002417,2026-08-11,C227,P003,USB-C Cable,Accessories,12,499,North
T002418,2026-08-11,C284,P004,Laptop Stand,Accessories,2,1899,South
T002419,2026-08-11,C087,P005,Webcam,Electronics,6,3299,West
T002420,2026-08-11,C028,P006,Bluetooth Speaker,Electronics,8,2499,East
T002421,2026-08-11,C226,P007,Power Bank,Electronics,2,1799,Central
T002422,2026-08-11,C086,P008,Wireless Headphones,Audio,3,3999,North
T002423,2026-08-11,C156,P009,Smart Watch,Wearables,3,5999,South
T002424,2026-08-11,C113,P010,HDMI Cable,Accessories,6,899,Central
T002425,2026-08-11,C035,P011,USB Hub,Accessories,5,1299,East
T002426,2026-08-11,C110,P012,Laptop Backpack,Accessories,3,2299,North
T002427,2026-08-11,C199,P013,Phone Stand,Accessories,17,699,South
T002428,2026-08-11,C205,P014,Portable SSD,Storage,5,6499,West
T002429,2026-08-11,C225,P015,Wireless Charger,Electronics,8,1599,Central
T002430,2026-08-12,C252,P001,Wireless Mouse,Accessories,9,1499,East
T002431,2026-08-12,C205,P002,Mechanical Keyboard,Accessories,8,4499,West
T002432,2026-08-12,C010,P003,USB-C Cable,Accessories,15,499,North
T002433,2026-08-12,C022,P004,Laptop Stand,Accessories,3,1899,South
T002434,2026-08-12,C171,P005,Webcam,Electronics,4,3299,West
T002435,2026-08-12,C262,P006,Bluetooth Speaker,Electronics,5,2499,East
T002436,2026-08-12,C215,P007,Power Bank,Electronics,7,1799,Central
T002437,2026-08-12,C287,P008,Wireless Headphones,Audio,3,3999,North
T002438,2026-08-12,C102,P010,HDMI Cable,Accessories,13,899,Central
T002439,2026-08-12,C123,P011,USB Hub,Accessories,6,1299,East
T002440,2026-08-12,C086,P012,Laptop Backpack,Accessories,7,2299,North
T002441,2026-08-12,C216,P013,Phone Stand,Accessories,8,699,South
T002442,2026-08-12,C201,P014,Portable SSD,Storage,4,6499,West
T002443,2026-08-12,C095,P015,Wireless Charger,Electronics,10,1599,Central
T002444,2026-08-13,C296,P001,Wireless Mouse,Accessories,10,1499,East
T002445,2026-08-13,C246,P002,Mechanical Keyboard,Accessories,4,4499,West
T002446,2026-08-13,C172,P003,USB-C Cable,Accessories,9,499,North
T002447,2026-08-13,C228,P004,Laptop Stand,Accessories,7,1899,South
T002448,2026-08-13,C113,P005,Webcam,Electronics,6,3299,West
T002449,2026-08-13,C176,P006,Bluetooth Speaker,Electronics,9,2499,East
T002450,2026-08-13,C110,P007,Power Bank,Electronics,6,1799,Central
T002451,2026-08-13,C029,P008,Wireless Headphones,Audio,5,3999,North
T002452,2026-08-13,C269,P009,Smart Watch,Wearables,1,5999,South
T002453,2026-08-13,C102,P010,HDMI Cable,Accessories,12,899,Central
T002454,2026-08-13,C298,P011,USB Hub,Accessories,8,1299,East
T002455,2026-08-13,C040,P012,Laptop Backpack,Accessories,8,2299,North
T002456,2026-08-13,C032,P013,Phone Stand,Accessories,11,699,South
T002457,2026-08-13,C283,P014,Portable SSD,Storage,3,6499,West
T002458,2026-08-13,C181,P015,Wireless Charger,Electronics,9,1599,Central
T002459,2026-08-14,C180,P001,Wireless Mouse,Accessories,10,1499,East
T002460,2026-08-14,C205,P002,Mechanical Keyboard,Accessories,5,4499,West
T002461,2026-08-14,C241,P003,USB-C Cable,Accessories,19,499,North
T002462,2026-08-14,C072,P004,Laptop Stand,Accessories,5,1899,South
T002463,2026-08-14,C024,P006,Bluetooth Speaker,Electronics,9,2499,East
T002464,2026-08-14,C026,P007,Power Bank,Electronics,2,1799,Central
T002465,2026-08-14,C092,P009,Smart Watch,Wearables,1,5999,South
T002466,2026-08-14,C176,P010,HDMI Cable,Accessories,11,899,Central
T002467,2026-08-14,C077,P011,USB Hub,Accessories,8,1299,East
T002468,2026-08-14,C182,P012,Laptop Backpack,Accessories,6,2299,North
T002469,2026-08-14,C216,P013,Phone Stand,Accessories,7,699,South
T002470,2026-08-14,C004,P014,Portable SSD,Storage,2,6499,West
T002471,2026-08-14,C034,P015,Wireless Charger,Electronics,10,1599,Central
T002472,2026-08-15,C108,P001,Wireless Mouse,Accessories,10,1499,East
T002473,2026-08-15,C163,P002,Mechanical Keyboard,Accessories,12,4499,West
T002474,2026-08-15,C163,P003,USB-C Cable,Accessories,27,499,North
T002475,2026-08-15,C162,P004,Laptop Stand,Accessories,11,1899,South
T002476,2026-08-15,C143,P005,Webcam,Electronics,5,3299,West
T002477,2026-08-15,C192,P006,Bluetooth Speaker,Electronics,12,2499,East
T002478,2026-08-15,C019,P007,Power Bank,Electronics,8,1799,Central
T002479,2026-08-15,C167,P008,Wireless Headphones,Audio,6,3999,North
T002480,2026-08-15,C288,P010,HDMI Cable,Accessories,12,899,Central
T002481,2026-08-15,C113,P011,USB Hub,Accessories,16,1299,East
T002482,2026-08-15,C228,P012,Laptop Backpack,Accessories,7,2299,North
T002483,2026-08-15,C031,P013,Phone Stand,Accessories,9,699,South
T002484,2026-08-15,C018,P014,Portable SSD,Storage,5,6499,West
T002485,2026-08-15,C018,P015,Wireless Charger,Electronics,9,1599,Central
T002486,2026-08-16,C262,P001,Wireless Mouse,Accessories,20,1499,East
T002487,2026-08-16,C001,P002,Mechanical Keyboard,Accessories,12,4499,West
T002488,2026-08-16,C032,P003,USB-C Cable,Accessories,28,499,North
T002489,2026-08-16,C124,P004,Laptop Stand,Accessories,5,1899,South
T002490,2026-08-16,C198,P005,Webcam,Electronics,4,3299,West
T002491,2026-08-16,C013,P006,Bluetooth Speaker,Electronics,4,2499,East
T002492,2026-08-16,C011,P007,Power Bank,Electronics,9,1799,Central
T002493,2026-08-16,C217,P008,Wireless Headphones,Audio,9,3999,North
T002494,2026-08-16,C044,P009,Smart Watch,Wearables,3,5999,South
T002495,2026-08-16,C007,P010,HDMI Cable,Accessories,11,899,Central
T002496,2026-08-16,C073,P011,USB Hub,Accessories,9,1299,East
T002497,2026-08-16,C002,P012,Laptop Backpack,Accessories,12,2299,North
T002498,2026-08-16,C284,P013,Phone Stand,Accessories,15,699,South
T002499,2026-08-16,C139,P014,Portable SSD,Storage,1,6499,West
T002500,2026-08-16,C007,P015,Wireless Charger,Electronics,18,1599,Central
T002501,2026-08-17,C146,P001,Wireless Mouse,Accessories,14,1499,East
T002502,2026-08-17,C141,P002,Mechanical Keyboard,Accessories,6,4499,West
T002503,2026-08-17,C238,P003,USB-C Cable,Accessories,11,499,North
T002504,2026-08-17,C002,P004,Laptop Stand,Accessories,4,1899,South
T002505,2026-08-17,C285,P005,Webcam,Electronics,5,3299,West
T002506,2026-08-17,C193,P006,Bluetooth Speaker,Electronics,9,2499,East
T002507,2026-08-17,C210,P007,Power Bank,Electronics,5,1799,Central
T002508,2026-08-17,C202,P008,Wireless Headphones,Audio,5,3999,North
T002509,2026-08-17,C042,P009,Smart Watch,Wearables,2,5999,South
T002510,2026-08-17,C161,P010,HDMI Cable,Accessories,10,899,Central
T002511,2026-08-17,C129,P011,USB Hub,Accessories,5,1299,East
T002512,2026-08-17,C200,P012,Laptop Backpack,Accessories,2,2299,North
T002513,2026-08-17,C130,P013,Phone Stand,Accessories,14,699,South
T002514,2026-08-17,C111,P015,Wireless Charger,Electronics,8,1599,Central
T002515,2026-08-18,C159,P001,Wireless Mouse,Accessories,12,1499,East
T002516,2026-08-18,C076,P002,Mechanical Keyboard,Accessories,6,4499,West
T002517,2026-08-18,C141,P003,USB-C Cable,Accessories,23,499,North
T002518,2026-08-18,C168,P004,Laptop Stand,Accessories,5,1899,South
T002519,2026-08-18,C184,P005,Webcam,Electronics,5,3299,West
T002520,2026-08-18,C088,P006,Bluetooth Speaker,Electronics,12,2499,East
T002521,2026-08-18,C113,P007,Power Bank,Electronics,4,1799,Central
T002522,2026-08-18,C245,P008,Wireless Headphones,Audio,6,3999,North
T002523,2026-08-18,C050,P009,Smart Watch,Wearables,1,5999,South
T002524,2026-08-18,C208,P010,HDMI Cable,Accessories,7,899,Central
T002525,2026-08-18,C034,P011,USB Hub,Accessories,13,1299,East
T002526,2026-08-18,C161,P012,Laptop Backpack,Accessories,5,2299,North
T002527,2026-08-18,C193,P013,Phone Stand,Accessories,16,699,South
T002528,2026-08-18,C008,P015,Wireless Charger,Electronics,7,1599,Central
T002529,2026-08-19,C246,P001,Wireless Mouse,Accessories,8,1499,East
T002530,2026-08-19,C158,P002,Mechanical Keyboard,Accessories,11,4499,West
T002531,2026-08-19,C123,P003,USB-C Cable,Accessories,13,499,North
T002532,2026-08-19,C001,P004,Laptop Stand,Accessories,6,1899,South
T002533,2026-08-19,C006,P005,Webcam,Electronics,5,3299,West
T002534,2026-08-19,C127,P006,Bluetooth Speaker,Electronics,9,2499,East
T002535,2026-08-19,C283,P007,Power Bank,Electronics,3,1799,Central
T002536,2026-08-19,C212,P008,Wireless Headphones,Audio,7,3999,North
T002537,2026-08-19,C090,P009,Smart Watch,Wearables,3,5999,South
T002538,2026-08-19,C022,P010,HDMI Cable,Accessories,10,899,Central
T002539,2026-08-19,C237,P011,USB Hub,Accessories,8,1299,East
T002540,2026-08-19,C084,P012,Laptop Backpack,Accessories,5,2299,North
T002541,2026-08-19,C076,P013,Phone Stand,Accessories,11,699,South
T002542,2026-08-19,C195,P014,Portable SSD,Storage,3,6499,West
T002543,2026-08-19,C284,P015,Wireless Charger,Electronics,7,1599,Central
T002544,2026-08-20,C173,P001,Wireless Mouse,Accessories,8,1499,East
T002545,2026-08-20,C212,P002,Mechanical Keyboard,Accessories,4,4499,West
T002546,2026-08-20,C293,P003,USB-C Cable,Accessories,22,499,North
T002547,2026-08-20,C080,P004,Laptop Stand,Accessories,5,1899,South
T002548,2026-08-20,C259,P005,Webcam,Electronics,8,3299,West
T002549,2026-08-20,C084,P006,Bluetooth Speaker,Electronics,9,2499,East
T002550,2026-08-20,C121,P007,Power Bank,Electronics,6,1799,Central
T002551,2026-08-20,C051,P008,Wireless Headphones,Audio,6,3999,North
T002552,2026-08-20,C238,P009,Smart Watch,Wearables,2,5999,South
T002553,2026-08-20,C289,P010,HDMI Cable,Accessories,11,899,Central
T002554,2026-08-20,C028,P011,USB Hub,Accessories,10,1299,East
T002555,2026-08-20,C053,P012,Laptop Backpack,Accessories,6,2299,North
T002556,2026-08-20,C025,P013,Phone Stand,Accessories,6,699,South
T002557,2026-08-20,C068,P015,Wireless Charger,Electronics,11,1599,Central
T002558,2026-08-21,C109,P001,Wireless Mouse,Accessories,6,1499,East
T002559,2026-08-21,C217,P002,Mechanical Keyboard,Accessories,5,4499,West
T002560,2026-08-21,C050,P003,USB-C Cable,Accessories,21,499,North
T002561,2026-08-21,C137,P004,Laptop Stand,Accessories,7,1899,South
T002562,2026-08-21,C150,P005,Webcam,Electronics,10,3299,West
T002563,2026-08-21,C260,P006,Bluetooth Speaker,Electronics,10,2499,East
T002564,2026-08-21,C035,P007,Power Bank,Electronics,5,1799,Central
T002565,2026-08-21,C163,P008,Wireless Headphones,Audio,3,3999,North
T002566,2026-08-21,C298,P009,Smart Watch,Wearables,3,5999,South
T002567,2026-08-21,C067,P010,HDMI Cable,Accessories,9,899,Central
T002568,2026-08-21,C013,P011,USB Hub,Accessories,6,1299,East
T002569,2026-08-21,C173,P012,Laptop Backpack,Accessories,3,2299,North
T002570,2026-08-21,C288,P013,Phone Stand,Accessories,14,699,South
T002571,2026-08-21,C046,P014,Portable SSD,Storage,1,6499,West
T002572,2026-08-21,C187,P015,Wireless Charger,Electronics,7,1599,Central
T002573,2026-08-22,C062,P001,Wireless Mouse,Accessories,12,1499,East
T002574,2026-08-22,C202,P002,Mechanical Keyboard,Accessories,11,4499,West
T002575,2026-08-22,C232,P003,USB-C Cable,Accessories,21,499,North
T002576,2026-08-22,C104,P004,Laptop Stand,Accessories,7,1899,South
T002577,2026-08-22,C204,P005,Webcam,Electronics,2,3299,West
T002578,2026-08-22,C112,P006,Bluetooth Speaker,Electronics,8,2499,East
T002579,2026-08-22,C135,P007,Power Bank,Electronics,5,1799,Central
T002580,2026-08-22,C194,P008,Wireless Headphones,Audio,7,3999,North
T002581,2026-08-22,C153,P009,Smart Watch,Wearables,5,5999,South
T002582,2026-08-22,C102,P010,HDMI Cable,Accessories,12,899,Central
T002583,2026-08-22,C274,P011,USB Hub,Accessories,8,1299,East
T002584,2026-08-22,C226,P012,Laptop Backpack,Accessories,8,2299,North
T002585,2026-08-22,C124,P013,Phone Stand,Accessories,11,699,South
T002586,2026-08-22,C113,P014,Portable SSD,Storage,2,6499,West
T002587,2026-08-22,C249,P015,Wireless Charger,Electronics,13,1599,Central
T002588,2026-08-23,C279,P001,Wireless Mouse,Accessories,9,1499,East
T002589,2026-08-23,C001,P002,Mechanical Keyboard,Accessories,7,4499,West
T002590,2026-08-23,C198,P003,USB-C Cable,Accessories,19,499,North
T002591,2026-08-23,C298,P004,Laptop Stand,Accessories,6,1899,South
T002592,2026-08-23,C201,P005,Webcam,Electronics,2,3299,West
T002593,2026-08-23,C136,P006,Bluetooth Speaker,Electronics,9,2499,East
T002594,2026-08-23,C088,P007,Power Bank,Electronics,7,1799,Central
T002595,2026-08-23,C132,P008,Wireless Headphones,Audio,3,3999,North
T002596,2026-08-23,C145,P009,Smart Watch,Wearables,2,5999,South
T002597,2026-08-23,C133,P010,HDMI Cable,Accessories,20,899,Central
T002598,2026-08-23,C296,P011,USB Hub,Accessories,13,1299,East
T002599,2026-08-23,C179,P012,Laptop Backpack,Accessories,5,2299,North
T002600,2026-08-23,C297,P013,Phone Stand,Accessories,5,699,South
T002601,2026-08-23,C106,P014,Portable SSD,Storage,4,6499,West
T002602,2026-08-23,C236,P015,Wireless Charger,Electronics,7,1599,Central
T002603,2026-08-24,C088,P001,Wireless Mouse,Accessories,10,1499,East
T002604,2026-08-24,C168,P002,Mechanical Keyboard,Accessories,7,4499,West
T002605,2026-08-24,C173,P003,USB-C Cable,Accessories,19,499,North
T002606,2026-08-24,C089,P004,Laptop Stand,Accessories,9,1899,South
T002607,2026-08-24,C008,P005,Webcam,Electronics,2,3299,West
T002608,2026-08-24,C169,P006,Bluetooth Speaker,Electronics,10,2499,East
T002609,2026-08-24,C083,P007,Power Bank,Electronics,4,1799,Central
T002610,2026-08-24,C102,P008,Wireless Headphones,Audio,9,3999,North
T002611,2026-08-24,C108,P009,Smart Watch,Wearables,6,5999,South
T002612,2026-08-24,C285,P010,HDMI Cable,Accessories,20,899,Central
T002613,2026-08-24,C215,P011,USB Hub,Accessories,3,1299,East
T002614,2026-08-24,C190,P012,Laptop Backpack,Accessories,8,2299,North
T002615,2026-08-24,C166,P013,Phone Stand,Accessories,8,699,South
T002616,2026-08-24,C133,P014,Portable SSD,Storage,2,6499,West
T002617,2026-08-24,C275,P015,Wireless Charger,Electronics,5,1599,Central
T002618,2026-08-25,C018,P001,Wireless Mouse,Accessories,6,1499,East
T002619,2026-08-25,C227,P002,Mechanical Keyboard,Accessories,4,4499,West
T002620,2026-08-25,C002,P003,USB-C Cable,Accessories,13,499,North
T002621,2026-08-25,C037,P004,Laptop Stand,Accessories,4,1899,South
T002622,2026-08-25,C205,P005,Webcam,Electronics,2,3299,West
T002623,2026-08-25,C158,P006,Bluetooth Speaker,Electronics,9,2499,East
T002624,2026-08-25,C176,P007,Power Bank,Electronics,6,1799,Central
T002625,2026-08-25,C214,P008,Wireless Headphones,Audio,7,3999,North
T002626,2026-08-25,C060,P009,Smart Watch,Wearables,3,5999,South
T002627,2026-08-25,C224,P010,HDMI Cable,Accessories,9,899,Central
T002628,2026-08-25,C053,P011,USB Hub,Accessories,8,1299,East
T002629,2026-08-25,C255,P012,Laptop Backpack,Accessories,4,2299,North
T002630,2026-08-25,C252,P013,Phone Stand,Accessories,15,699,South
T002631,2026-08-25,C292,P014,Portable SSD,Storage,3,6499,West
T002632,2026-08-25,C010,P015,Wireless Charger,Electronics,7,1599,Central
T002633,2026-08-26,C025,P001,Wireless Mouse,Accessories,11,1499,East
T002634,2026-08-26,C017,P002,Mechanical Keyboard,Accessories,8,4499,West
T002635,2026-08-26,C108,P003,USB-C Cable,Accessories,20,499,North
T002636,2026-08-26,C215,P004,Laptop Stand,Accessories,7,1899,South
T002637,2026-08-26,C126,P005,Webcam,Electronics,5,3299,West
T002638,2026-08-26,C122,P006,Bluetooth Speaker,Electronics,7,2499,East
T002639,2026-08-26,C293,P007,Power Bank,Electronics,6,1799,Central
T002640,2026-08-26,C267,P008,Wireless Headphones,Audio,4,3999,North
T002641,2026-08-26,C008,P009,Smart Watch,Wearables,3,5999,South
T002642,2026-08-26,C195,P010,HDMI Cable,Accessories,11,899,Central
T002643,2026-08-26,C041,P011,USB Hub,Accessories,9,1299,East
T002644,2026-08-26,C061,P012,Laptop Backpack,Accessories,2,2299,North
T002645,2026-08-26,C111,P013,Phone Stand,Accessories,14,699,South
T002646,2026-08-26,C143,P014,Portable SSD,Storage,2,6499,West
T002647,2026-08-26,C056,P015,Wireless Charger,Electronics,8,1599,Central
T002648,2026-08-27,C262,P001,Wireless Mouse,Accessories,15,1499,East
T002649,2026-08-27,C232,P002,Mechanical Keyboard,Accessories,8,4499,West
T002650,2026-08-27,C031,P003,USB-C Cable,Accessories,22,499,North
T002651,2026-08-27,C207,P004,Laptop Stand,Accessories,4,1899,South
T002652,2026-08-27,C153,P005,Webcam,Electronics,5,3299,West
T002653,2026-08-27,C249,P006,Bluetooth Speaker,Electronics,4,2499,East
T002654,2026-08-27,C206,P007,Power Bank,Electronics,8,1799,Central
T002655,2026-08-27,C037,P008,Wireless Headphones,Audio,7,3999,North
T002656,2026-08-27,C100,P009,Smart Watch,Wearables,3,5999,South
T002657,2026-08-27,C042,P010,HDMI Cable,Accessories,13,899,Central
T002658,2026-08-27,C101,P011,USB Hub,Accessories,8,1299,East
T002659,2026-08-27,C282,P012,Laptop Backpack,Accessories,3,2299,North
T002660,2026-08-27,C192,P013,Phone Stand,Accessories,12,699,South
T002661,2026-08-27,C203,P014,Portable SSD,Storage,3,6499,West
T002662,2026-08-27,C101,P015,Wireless Charger,Electronics,7,1599,Central
T002663,2026-08-28,C193,P001,Wireless Mouse,Accessories,13,1499,East
T002664,2026-08-28,C269,P002,Mechanical Keyboard,Accessories,2,4499,West
T002665,2026-08-28,C213,P003,USB-C Cable,Accessories,17,499,North
T002666,2026-08-28,C095,P004,Laptop Stand,Accessories,5,1899,South
T002667,2026-08-28,C157,P005,Webcam,Electronics,1,3299,West
T002668,2026-08-28,C291,P006,Bluetooth Speaker,Electronics,11,2499,East
T002669,2026-08-28,C118,P007,Power Bank,Electronics,7,1799,Central
T002670,2026-08-28,C008,P008,Wireless Headphones,Audio,5,3999,North
T002671,2026-08-28,C109,P009,Smart Watch,Wearables,3,5999,South
T002672,2026-08-28,C173,P010,HDMI Cable,Accessories,8,899,Central
T002673,2026-08-28,C152,P011,USB Hub,Accessories,4,1299,East
T002674,2026-08-28,C108,P012,Laptop Backpack,Accessories,6,2299,North
T002675,2026-08-28,C057,P013,Phone Stand,Accessories,12,699,South
T002676,2026-08-28,C210,P015,Wireless Charger,Electronics,10,1599,Central
T002677,2026-08-29,C191,P001,Wireless Mouse,Accessories,17,1499,East
T002678,2026-08-29,C047,P002,Mechanical Keyboard,Accessories,10,4499,West
T002679,2026-08-29,C107,P003,USB-C Cable,Accessories,23,499,North
T002680,2026-08-29,C209,P004,Laptop Stand,Accessories,4,1899,South
T002681,2026-08-29,C277,P005,Webcam,Electronics,4,3299,West
T002682,2026-08-29,C043,P006,Bluetooth Speaker,Electronics,9,2499,East
T002683,2026-08-29,C009,P007,Power Bank,Electronics,8,1799,Central
T002684,2026-08-29,C192,P008,Wireless Headphones,Audio,1,3999,North
T002685,2026-08-29,C020,P009,Smart Watch,Wearables,2,5999,South
T002686,2026-08-29,C288,P010,HDMI Cable,Accessories,17,899,Central
T002687,2026-08-29,C113,P011,USB Hub,Accessories,9,1299,East
T002688,2026-08-29,C103,P012,Laptop Backpack,Accessories,9,2299,North
T002689,2026-08-29,C292,P013,Phone Stand,Accessories,11,699,South
T002690,2026-08-29,C139,P014,Portable SSD,Storage,2,6499,West
T002691,2026-08-29,C232,P015,Wireless Charger,Electronics,9,1599,Central
T002692,2026-08-30,C174,P001,Wireless Mouse,Accessories,18,1499,East
T002693,2026-08-30,C028,P002,Mechanical Keyboard,Accessories,2,4499,West
T002694,2026-08-30,C050,P003,USB-C Cable,Accessories,20,499,North
T002695,2026-08-30,C095,P004,Laptop Stand,Accessories,11,1899,South
T002696,2026-08-30,C019,P005,Webcam,Electronics,4,3299,West
T002697,2026-08-30,C236,P006,Bluetooth Speaker,Electronics,12,2499,East
T002698,2026-08-30,C056,P007,Power Bank,Electronics,3,1799,Central
T002699,2026-08-30,C096,P008,Wireless Headphones,Audio,1,3999,North
T002700,2026-08-30,C195,P009,Smart Watch,Wearables,4,5999,South
T002701,2026-08-30,C289,P010,HDMI Cable,Accessories,18,899,Central
T002702,2026-08-30,C009,P011,USB Hub,Accessories,10,1299,East
T002703,2026-08-30,C212,P012,Laptop Backpack,Accessories,12,2299,North
T002704,2026-08-30,C275,P013,Phone Stand,Accessories,11,699,South
T002705,2026-08-30,C007,P014,Portable SSD,Storage,3,6499,West
T002706,2026-08-30,C241,P015,Wireless Charger,Electronics,7,1599,Central
T002707,2026-08-31,C068,P001,Wireless Mouse,Accessories,7,1499,East
T002708,2026-08-31,C239,P002,Mechanical Keyboard,Accessories,8,4499,West
T002709,2026-08-31,C008,P003,USB-C Cable,Accessories,17,499,North
T002710,2026-08-31,C206,P004,Laptop Stand,Accessories,5,1899,South
T002711,2026-08-31,C218,P005,Webcam,Electronics,1,3299,West
T002712,2026-08-31,C105,P006,Bluetooth Speaker,Electronics,10,2499,East
T002713,2026-08-31,C139,P007,Power Bank,Electronics,7,1799,Central
T002714,2026-08-31,C042,P008,Wireless Headphones,Audio,3,3999,North
T002715,2026-08-31,C087,P009,Smart Watch,Wearables,4,5999,South
T002716,2026-08-31,C032,P010,HDMI Cable,Accessories,11,899,Central
T002717,2026-08-31,C021,P011,USB Hub,Accessories,10,1299,East
T002718,2026-08-31,C224,P012,Laptop Backpack,Accessories,3,2299,North
T002719,2026-08-31,C107,P013,Phone Stand,Accessories,9,699,South
T002720,2026-08-31,C058,P014,Portable SSD,Storage,1,6499,West
T002721,2026-08-31,C292,P015,Wireless Charger,Electronics,6,1599,Central
T002722,2026-09-01,C277,P001,Wireless Mouse,Accessories,10,1499,East
T002723,2026-09-01,C135,P002,Mechanical Keyboard,Accessories,12,4499,West
T002724,2026-09-01,C204,P003,USB-C Cable,Accessories,20,499,North
T002725,2026-09-01,C077,P004,Laptop Stand,Accessories,11,1899,South
T002726,2026-09-01,C248,P005,Webcam,Electronics,5,3299,West
T002727,2026-09-01,C070,P006,Bluetooth Speaker,Electronics,11,2499,East
T002728,2026-09-01,C262,P007,Power Bank,Electronics,8,1799,Central
T002729,2026-09-01,C043,P008,Wireless Headphones,Audio,9,3999,North
T002730,2026-09-01,C091,P010,HDMI Cable,Accessories,9,899,Central
T002731,2026-09-01,C159,P011,USB Hub,Accessories,8,1299,East
T002732,2026-09-01,C117,P012,Laptop Backpack,Accessories,7,2299,North
T002733,2026-09-01,C156,P013,Phone Stand,Accessories,12,699,South
T002734,2026-09-01,C232,P014,Portable SSD,Storage,2,6499,West
T002735,2026-09-01,C141,P015,Wireless Charger,Electronics,14,1599,Central
T002736,2026-09-02,C049,P001,Wireless Mouse,Accessories,8,1499,East
T002737,2026-09-02,C166,P002,Mechanical Keyboard,Accessories,7,4499,West
T002738,2026-09-02,C019,P003,USB-C Cable,Accessories,18,499,North
T002739,2026-09-02,C250,P004,Laptop Stand,Accessories,3,1899,South
T002740,2026-09-02,C024,P005,Webcam,Electronics,4,3299,West
T002741,2026-09-02,C045,P006,Bluetooth Speaker,Electronics,8,2499,East
T002742,2026-09-02,C238,P007,Power Bank,Electronics,6,1799,Central
T002743,2026-09-02,C092,P008,Wireless Headphones,Audio,4,3999,North
T002744,2026-09-02,C010,P009,Smart Watch,Wearables,2,5999,South
T002745,2026-09-02,C154,P010,HDMI Cable,Accessories,17,899,Central
T002746,2026-09-02,C085,P011,USB Hub,Accessories,10,1299,East
T002747,2026-09-02,C238,P012,Laptop Backpack,Accessories,8,2299,North
T002748,2026-09-02,C023,P013,Phone Stand,Accessories,8,699,South
T002749,2026-09-02,C263,P014,Portable SSD,Storage,3,6499,West
T002750,2026-09-02,C181,P015,Wireless Charger,Electronics,10,1599,Central
T002751,2026-09-03,C041,P001,Wireless Mouse,Accessories,6,1499,East
T002752,2026-09-03,C213,P002,Mechanical Keyboard,Accessories,7,4499,West
T002753,2026-09-03,C293,P003,USB-C Cable,Accessories,15,499,North
T002754,2026-09-03,C075,P004,Laptop Stand,Accessories,4,1899,South
T002755,2026-09-03,C133,P005,Webcam,Electronics,10,3299,West
T002756,2026-09-03,C251,P006,Bluetooth Speaker,Electronics,6,2499,East
T002757,2026-09-03,C199,P007,Power Bank,Electronics,10,1799,Central
T002758,2026-09-03,C168,P008,Wireless Headphones,Audio,5,3999,North
T002759,2026-09-03,C139,P009,Smart Watch,Wearables,1,5999,South
T002760,2026-09-03,C137,P010,HDMI Cable,Accessories,11,899,Central
T002761,2026-09-03,C274,P011,USB Hub,Accessories,10,1299,East
T002762,2026-09-03,C052,P012,Laptop Backpack,Accessories,4,2299,North
T002763,2026-09-03,C104,P013,Phone Stand,Accessories,7,699,South
T002764,2026-09-03,C103,P014,Portable SSD,Storage,1,6499,West
T002765,2026-09-03,C086,P015,Wireless Charger,Electronics,6,1599,Central
T002766,2026-09-04,C085,P001,Wireless Mouse,Accessories,12,1499,East
T002767,2026-09-04,C096,P002,Mechanical Keyboard,Accessories,8,4499,West
T002768,2026-09-04,C292,P003,USB-C Cable,Accessories,17,499,North
T002769,2026-09-04,C216,P004,Laptop Stand,Accessories,11,1899,South
T002770,2026-09-04,C066,P005,Webcam,Electronics,3,3299,West
T002771,2026-09-04,C289,P006,Bluetooth Speaker,Electronics,10,2499,East
T002772,2026-09-04,C281,P007,Power Bank,Electronics,6,1799,Central
T002773,2026-09-04,C161,P008,Wireless Headphones,Audio,5,3999,North
T002774,2026-09-04,C080,P009,Smart Watch,Wearables,5,5999,South
T002775,2026-09-04,C086,P010,HDMI Cable,Accessories,21,899,Central
T002776,2026-09-04,C259,P011,USB Hub,Accessories,7,1299,East
T002777,2026-09-04,C280,P012,Laptop Backpack,Accessories,2,2299,North
T002778,2026-09-04,C294,P013,Phone Stand,Accessories,12,699,South
T002779,2026-09-04,C061,P015,Wireless Charger,Electronics,10,1599,Central
T002780,2026-09-05,C110,P001,Wireless Mouse,Accessories,10,1499,East
T002781,2026-09-05,C146,P002,Mechanical Keyboard,Accessories,6,4499,West
T002782,2026-09-05,C158,P003,USB-C Cable,Accessories,17,499,North
T002783,2026-09-05,C300,P004,Laptop Stand,Accessories,3,1899,South
T002784,2026-09-05,C061,P005,Webcam,Electronics,2,3299,West
T002785,2026-09-05,C243,P006,Bluetooth Speaker,Electronics,7,2499,East
T002786,2026-09-05,C118,P007,Power Bank,Electronics,11,1799,Central
T002787,2026-09-05,C185,P008,Wireless Headphones,Audio,5,3999,North
T002788,2026-09-05,C074,P009,Smart Watch,Wearables,3,5999,South
T002789,2026-09-05,C243,P010,HDMI Cable,Accessories,13,899,Central
T002790,2026-09-05,C112,P011,USB Hub,Accessories,13,1299,East
T002791,2026-09-05,C262,P012,Laptop Backpack,Accessories,8,2299,North
T002792,2026-09-05,C201,P013,Phone Stand,Accessories,13,699,South
T002793,2026-09-05,C253,P014,Portable SSD,Storage,6,6499,West
T002794,2026-09-05,C228,P015,Wireless Charger,Electronics,11,1599,Central
T002795,2026-09-06,C235,P001,Wireless Mouse,Accessories,13,1499,East
T002796,2026-09-06,C157,P002,Mechanical Keyboard,Accessories,13,4499,West
T002797,2026-09-06,C100,P003,USB-C Cable,Accessories,25,499,North
T002798,2026-09-06,C143,P004,Laptop Stand,Accessories,5,1899,South
T002799,2026-09-06,C276,P005,Webcam,Electronics,6,3299,West
T002800,2026-09-06,C267,P006,Bluetooth Speaker,Electronics,9,2499,East
T002801,2026-09-06,C051,P007,Power Bank,Electronics,6,1799,Central
T002802,2026-09-06,C232,P008,Wireless Headphones,Audio,8,3999,North
T002803,2026-09-06,C244,P009,Smart Watch,Wearables,5,5999,South
T002804,2026-09-06,C289,P010,HDMI Cable,Accessories,20,899,Central
T002805,2026-09-06,C184,P011,USB Hub,Accessories,16,1299,East
T002806,2026-09-06,C093,P012,Laptop Backpack,Accessories,6,2299,North
T002807,2026-09-06,C126,P013,Phone Stand,Accessories,12,699,South
T002808,2026-09-06,C197,P015,Wireless Charger,Electronics,8,1599,Central
